date,value
2021-03-24,2.0041083550021597
2021-03-25,-11.945254334610212
2021-03-26,20.56895134364651
2021-03-27,24.26179903720317
2021-03-28,31.154860210778153
2021-03-29,24.427965743903478
2021-03-30,38.07648890615788
2021-03-31,12.002590649492205
2021-04-01,32.039547310266244
2021-04-02,38.10983065532957
2021-04-03,32.37447377340452
2021-04-04,42.792517294993736
2021-04-05,40.94597693622336
2021-04-06,37.89167459476668
2021-04-07,12.581954029049413
2021-04-08,33.6049839038007
2021-04-09,43.83161565952031
2021-04-10,24.36724825552899
2021-04-11,40.60939304542069
2021-04-12,37.84741197551515
2021-04-13,32.127507700278464
2021-04-14,7.296010030383911
2021-04-15,35.30876150902412
2021-04-16,18.28502154761631
2021-04-17,27.366812423023376
2021-04-18,-96.74766944858507
2021-04-19,-0.018597743251277166
2021-04-20,-3.8095510027767716
2021-04-21,12.149325352478172
2021-04-22,-28.239378330437717
2021-04-23,-44.460711060590825
2021-04-24,14.428629273342295
2021-04-25,14.522318752522267
2021-04-26,-6.14995385532211
2021-04-27,22.412565730212158
2021-04-28,10.01701174680575
2021-04-29,18.624103148076102
2021-04-30,17.59586997683789
2021-05-01,29.544221916876516
2021-05-02,29.005252833856773
2021-05-03,21.635427957644787
2021-05-04,-10.591594354680666
2021-05-05,8.050939558736616
2021-05-06,11.354445174072524
2021-05-07,10.067922969820941
2021-05-08,20.516836603415705
2021-05-09,25.460489970515475
2021-05-10,-2.026579915950009
2021-05-11,13.229376732392979
2021-05-12,-26.47894073830325
2021-05-13,-83.24022968721448
2021-05-14,22.255139943914756
2021-05-15,-3.9934870749608535
2021-05-16,-34.08417528157926
2021-05-17,-40.83974837486541
2021-05-18,-6.561545648939443
2021-05-19,-257.4443278318977
2021-05-20,-104.88384340846464
2021-05-21,-107.82581218657339
2021-05-22,-23.683307872681752
2021-05-23,-82.39822068719494
2021-05-24,-36.88398293067482
2021-05-25,-0.6597410541405964
2021-05-26,13.337609397919039
2021-05-27,5.866243705760695
2021-05-28,-12.763386612970024
2021-05-29,-6.680097988317357
2021-05-30,34.07689966858979
2021-05-31,14.816978585561245
2021-06-01,12.68071491952307
2021-06-02,35.4756606408818
2021-06-03,37.27415064675419
2021-06-04,12.799319174262806
2021-06-05,12.520281609896244
2021-06-06,40.45807517700287
2021-06-07,9.605464639319663
2021-06-08,1.0218777462182658
2021-06-09,-11.487355095575268
2021-06-10,-2.4129666913840566
2021-06-11,13.34541694239239
2021-06-12,19.15592096004073
2021-06-13,22.612822746598127
2021-06-14,18.287668171571184
2021-06-15,24.254881090308956
2021-06-16,2.1792969120988204
2021-06-17,32.28161488973255
2021-06-18,20.12876442373279
2021-06-19,16.517419913151443
2021-06-20,6.488540840466044
2021-06-21,-55.75146949495381
2021-06-22,-59.61969071738288
2021-06-23,-15.15395625896268
2021-06-24,17.239672040453755
2021-06-25,-5.488471604728531
2021-06-26,-15.54454749954661
2021-06-27,9.884569479754063
2021-06-28,27.23924725982765
2021-06-29,21.677295542918202
2021-06-30,32.425130303641325
2021-07-01,27.65345772534978
2021-07-02,32.84258771679731
2021-07-03,50.58833096698389
2021-07-04,55.495324838555284
2021-07-05,33.05619627324192
2021-07-06,27.150644862015298
2021-07-07,44.95439652346204
2021-07-08,25.85573394499859
2021-07-09,40.38411018817155
2021-07-10,48.9700724380477
2021-07-11,47.11309663137644
2021-07-12,42.725375080173876
2021-07-13,45.19353102676556
2021-07-14,27.91212773239394
2021-07-15,28.2434355447582
2021-07-16,28.0438832747636
2021-07-17,36.0523373660012
2021-07-18,42.455113570704526
2021-07-19,42.1673471973198
2021-07-20,28.06867659204746
2021-07-21,6.599117289964312
2021-07-22,36.27737060623284
2021-07-23,40.36253445720205
2021-07-24,41.41359419961853
2021-07-25,34.44269471653723
2021-07-26,-87.11360507567267
2021-07-27,5.892826448180443
2021-07-28,-2.274553577773318
2021-07-29,26.942575906689726
2021-07-30,4.998142329783519
2021-07-31,31.224596182439527
2021-08-01,17.90828969729141
2021-08-02,24.425803860651982
2021-08-03,14.739038876860988
2021-08-04,35.091256941019566
2021-08-05,11.095895882127849
2021-08-06,6.985943853873962
2021-08-07,15.83464089536372
2021-08-08,15.90161391871041
2021-08-09,17.37008512345659
2021-08-10,40.16085342599866
2021-08-11,45.63115662776119
2021-08-12,37.36208401314457
2021-08-13,37.4596932950812
2021-08-14,39.30930172520278
2021-08-15,40.75052968790238
2021-08-16,35.55998530776499
2021-08-17,28.001129932061644
2021-08-18,36.23776408190554
2021-08-19,32.11133279004379
2021-08-20,36.64204654556593
2021-08-21,40.849679705325094
2021-08-22,52.18931105173971
2021-08-23,47.66897070222473
2021-08-24,41.96359041693107
2021-08-25,43.19737728397604
2021-08-26,31.790461683512675
2021-08-27,34.55315056560164
2021-08-28,60.05495589989518
2021-08-29,44.91156116406593
2021-08-30,46.57769929623385
2021-08-31,43.32548337885648
2021-09-01,45.0500192133385
2021-09-02,44.205417501623025
2021-09-03,31.273617016089503
2021-09-04,54.45403186404038
2021-09-05,52.31215679758974
2021-09-06,55.858412180161444
2021-09-07,-94.97845811033093
2021-09-08,6.756993706869167
2021-09-09,28.83661278720239
2021-09-10,25.805466371286656
2021-09-11,45.957151845184505
2021-09-12,47.077601348754285
2021-09-13,-8.265006164551849
2021-09-14,33.45965647739718
2021-09-15,52.304931885007726
2021-09-16,35.814803427063104
2021-09-17,39.17460492219443
2021-09-18,48.74149121613723
2021-09-19,46.75122483191237
2021-09-20,-15.511500935897885
2021-09-21,-35.8223766662408
2021-09-22,7.587220063420716
2021-09-23,24.933008465400114
2021-09-24,-11.702079540026872
2021-09-25,23.281861940793966
2021-09-26,12.122708551561189
2021-09-27,22.766481950315168
2021-09-28,20.72641945180972
2021-09-29,33.88461646777579
2021-09-30,26.945573761013947
2021-10-01,-9.904256502841747
2021-10-02,39.90661543360652
2021-10-03,34.85054108101048
2021-10-04,18.915681590632545
2021-10-05,36.19856966814924
2021-10-06,-27.304380457876803
2021-10-07,20.90820704208417
2021-10-08,31.621268757226687
2021-10-09,45.22859036339559
2021-10-10,27.727518687017344
2021-10-11,35.360474939505174
2021-10-12,22.99151701323153
2021-10-13,30.524069670497454
2021-10-14,41.0651317521715
2021-10-15,14.953695096946404
2021-10-16,38.20899349749901
2021-10-17,34.3602246193264
2021-10-18,29.52481611627252
2021-10-19,31.50695489525966
2021-10-20,39.26294094398691
2021-10-21,-9.539826725564083
2021-10-22,20.979844898274052
2021-10-23,35.14422998772385
2021-10-24,32.89129461297666
2021-10-25,41.690330093592536
2021-10-26,35.650994019743806
2021-10-27,13.573965060295194
2021-10-28,-38.12996238525862
2021-10-29,28.96588668141859
2021-10-30,46.6285288867091
2021-10-31,40.75892267430582
2021-11-01,26.885319741741007
2021-11-02,35.91842052978328
2021-11-03,16.56094431951152
2021-11-04,37.596073529071305
2021-11-05,42.62688387584257
2021-11-06,47.84489560733174
2021-11-07,49.50125376745754
2021-11-08,33.67683359365415
2021-11-09,36.356906538231044
2021-11-10,-17.492510490449135
2021-11-11,34.437819419295465
2021-11-12,28.220676958461937
2021-11-13,52.08055032734768
2021-11-14,45.804299824052286
2021-11-15,41.46865747824371
2021-11-16,-11.728945985061316
2021-11-17,12.131219188331173
2021-11-18,1.8932031530229807
2021-11-19,25.43998433456101
2021-11-20,38.79108540420915
2021-11-21,40.17328825226646
2021-11-22,9.493430392321144
2021-11-23,15.33262776963278
2021-11-24,32.461401807930756
2021-11-25,40.19123634770335
2021-11-26,2.221139312307841
2021-11-27,32.689860266860734
2021-11-28,22.304178873081653
2021-11-29,30.538070335831435
2021-11-30,-0.2657591260660581
2021-12-01,18.43921960093958
2021-12-02,23.14491768281141
2021-12-03,-0.275698743404746
2021-12-04,-178.12207015339243
2021-12-05,8.422538986665955
2021-12-06,-6.156818700379702
2021-12-07,22.968076369848944
2021-12-08,23.076072527764566
2021-12-09,20.488493639714022
2021-12-10,4.471729038819788
2021-12-11,14.606081511767812
2021-12-12,39.492270188238365
2021-12-13,4.615565363088123
2021-12-14,24.153753085971175
2021-12-15,3.3575368402833163
2021-12-16,31.565358552419582
2021-12-17,4.299700640739218
2021-12-18,33.16474343496453
2021-12-19,27.304239391492786
2021-12-20,25.051707067193938
2021-12-21,35.779299901838606
2021-12-22,41.34413302501527
2021-12-23,32.30215079884259
2021-12-24,36.15800219022875
2021-12-25,46.689061683017016
2021-12-26,36.38121973548475
2021-12-27,46.19501320260927
2021-12-28,14.82224430423745
2021-12-29,16.611786744952738
2021-12-30,29.46992175905897
2021-12-31,16.604499224601703
2022-01-01,24.248042340669464
2022-01-02,29.38313018041042
2022-01-03,27.674659719792118
2022-01-04,18.277068766671903
2022-01-05,-14.965653670427074
2022-01-06,17.860957627807842
2022-01-07,-23.75929913727606
2022-01-08,10.964385518078721
2022-01-09,26.490890923609676
2022-01-10,-17.079182384403722
2022-01-11,15.400777852237525
2022-01-12,22.3524085202032
2022-01-13,19.421695219335106
2022-01-14,17.867458906814363
2022-01-15,29.431128045331285
2022-01-16,29.31994131186675
2022-01-17,21.38565987283304
2022-01-18,19.89917548066346
2022-01-19,14.756381890219622
2022-01-20,8.942409082502373
2022-01-21,-54.09693539552343
2022-01-22,-40.034770363329926
2022-01-23,-1.6085773983367062
2022-01-24,-51.638662755791046
2022-01-25,3.92819799871468
2022-01-26,-19.940282963773527
2022-01-27,-1.664437634407193
2022-01-28,9.248833832140548
2022-01-29,23.76806065305601
2022-01-30,32.38557904113186
2022-01-31,13.494089740181963
2022-02-01,11.111932622386234
2022-02-02,22.15126760872913
2022-02-03,19.45498611289377
2022-02-04,-7.409160024958368
2022-02-05,20.675366746991536
2022-02-06,16.16390639539963
2022-02-07,12.733580805834642
2022-02-08,-1.4445708759684948
2022-02-09,14.129463129864355
2022-02-10,-15.087166518327166
2022-02-11,-7.258896720396791
2022-02-12,23.233528931019563
2022-02-13,33.44176000657949
2022-02-14,23.92972247903419
2022-02-15,25.970163500895843
2022-02-16,27.111747869799572
2022-02-17,1.8415544541429085
2022-02-18,1.6355966641138764
2022-02-19,30.844450331472153
2022-02-20,23.236661149149832
2022-02-21,-24.18550719291092
2022-02-22,-3.6059725705416383
2022-02-23,14.123818688433573
2022-02-24,-58.32035303895418
2022-02-25,-7.475662330159238
2022-02-26,16.149512934049604
2022-02-27,4.052442210738789
2022-02-28,-29.99516355624681
2022-03-01,5.123352666125996
2022-03-02,-2.9600744161962638
2022-03-03,12.474645609647496
2022-03-04,0.3110264254957542
2022-03-05,36.449650537423075
2022-03-06,16.842868956991268
2022-03-07,1.0276534293929416
2022-03-08,1.0834678913189038
2022-03-09,7.9706390109315635
2022-03-10,-7.080390397715703
2022-03-11,5.399648063653089
2022-03-12,45.76293135233364
2022-03-13,32.90110460732899
2022-03-14,17.924605590957796
2022-03-15,25.45137079629788
2022-03-16,-32.94570470541953
2022-03-17,28.643887313992494
2022-03-18,18.75339558583508
2022-03-19,32.98665375907808
2022-03-20,32.26698673147246
2022-03-21,21.82376714298632
2022-03-22,5.613754693507744
2022-03-23,21.332494278434915
2022-03-24,13.240503842128732
2022-03-25,15.581330376256751
2022-03-26,38.00569174033053
2022-03-27,10.259001168822955
2022-03-28,12.289853112660786
2022-03-29,17.24772601403553
2022-03-30,17.544093621620696
2022-03-31,14.203902663032878
2022-04-01,4.303151434761894
2022-04-02,6.580539413466653
2022-04-03,9.31284189165622
2022-04-04,7.961179476055072
2022-04-05,16.327766793413296
2022-04-06,-3.444871635634243
2022-04-07,8.416430203655182
2022-04-08,4.233169486359934
2022-04-09,28.747690275441492
2022-04-10,21.339483619512677
2022-04-11,-2.0212660198885146
2022-04-12,4.41193431124011
2022-04-13,8.999667647133393
2022-04-14,16.786404976912934
2022-04-15,19.730068259952198
2022-04-16,33.544062923917366
2022-04-17,29.768422512304163
2022-04-18,-7.071985045119334
2022-04-19,22.500364394641046
2022-04-20,20.034780252362502
2022-04-21,6.916867902918078
2022-04-22,4.463316657021281
2022-04-23,31.138228344243174
2022-04-24,15.38353908518706
2022-04-25,-6.414150898162617
2022-04-26,0.0848109339130616
2022-04-27,0.041591298885009564
2022-04-28,-7.7940325284960466
2022-04-29,6.876222743062293
2022-04-30,24.359657567767044
2022-05-01,14.47945312802154
2022-05-02,5.440904927308225
2022-05-03,25.262161562975848
2022-05-04,4.278993701775271
2022-05-05,-14.375380566154469
2022-05-06,-11.403965704259562
2022-05-07,19.848604791271704
2022-05-08,1.3740428838448366
2022-05-09,-44.26740810014482
2022-05-10,-46.91145768951317
2022-05-11,-110.36380053528634
2022-05-12,-90.88211377563105
2022-05-13,-11.023973635018521
2022-05-14,17.36999402724949
2022-05-15,18.248151396376514
2022-05-16,11.191052735180236
2022-05-17,24.634070978417967
2022-05-18,29.428636242277534
2022-05-19,18.30142828802009
2022-05-20,21.91863119426057
2022-05-21,44.399248501893055
2022-05-22,28.232778472679684
2022-05-23,18.632885050044656
2022-05-24,30.0750728042717
2022-05-25,26.01648966277002
2022-05-26,2.7465478780180064
2022-05-27,13.391552312830612
2022-05-28,44.569725595774074
2022-05-29,49.930038338838585
2022-05-30,3.1797299634694554
2022-05-31,19.561847370234794
2022-06-01,10.364251929542135
2022-06-02,11.801312618778802
2022-06-03,22.664724996855675
2022-06-04,37.68285333376376
2022-06-05,36.85861761443704
2022-06-06,12.525877234600088
2022-06-07,-23.607663176831977
2022-06-08,-0.8772878070892318
2022-06-09,26.05530735481966
2022-06-10,1.179804869037838
2022-06-11,16.86021514570426
2022-06-12,8.392172835475733
2022-06-13,-72.4385865603715
2022-06-14,-73.69690934863024
2022-06-15,-97.5288751043874
2022-06-16,5.069400510111578
2022-06-17,15.459629930765118
2022-06-18,-45.86960884475971
2022-06-19,-38.264020600380746
2022-06-20,-18.503451427699716
2022-06-21,7.0108963964499225
2022-06-22,3.705277577954888
2022-06-23,9.90858789420723
2022-06-24,17.13388684237715
2022-06-25,31.675892827851584
2022-06-26,35.948117710923555
2022-06-27,29.815613954233882
2022-06-28,32.35494895610821
2022-06-29,30.51158345588444
2022-06-30,13.625440079470764
2022-07-01,-7.841132540194366
2022-07-02,43.10423644895393
2022-07-03,32.023443727760714
2022-07-04,24.782523185314503
2022-07-05,15.228862785660993
2022-07-06,8.058705730019966
2022-07-07,23.113976165327102
2022-07-08,-12.503616352480051
2022-07-09,19.4646688653407
2022-07-10,21.1721980087884
2022-07-11,24.077241333750763
2022-07-12,26.784876928244095
2022-07-13,-22.390880485094087
2022-07-14,10.016773335279268
2022-07-15,14.082854272541567
2022-07-16,25.321159450195196
2022-07-17,25.32865877664731
2022-07-18,-6.327964730844286
2022-07-19,-28.29305119298418
2022-07-20,-9.27682549302834
2022-07-21,6.035662304323466
2022-07-22,17.98891494274902
2022-07-23,23.394422026208062
2022-07-24,26.28272923376464
2022-07-25,15.36341066598348
2022-07-26,20.025821050481056
2022-07-27,1.6951941816793692
2022-07-28,-6.816270500477245
2022-07-29,-0.44409698070069226
2022-07-30,16.062266309778224
2022-07-31,19.683927918112346
2022-08-01,23.714723692815838
2022-08-02,13.328096165208777
2022-08-03,21.987467664462194
2022-08-04,20.749247858409838
2022-08-05,17.39108041478056
2022-08-06,41.06402109620339
2022-08-07,40.95576223974712
2022-08-08,30.564776289785883
2022-08-09,35.14166323096092
2022-08-10,2.2148876786625493
2022-08-11,9.872924964853155
2022-08-12,24.16282137555978
2022-08-13,27.73067723321929
2022-08-14,28.360637123796785
2022-08-15,12.964536134011588
2022-08-16,26.271811505775354
2022-08-17,17.119073571125618
2022-08-18,40.84529747660366
2022-08-19,-43.36306471647886
2022-08-20,25.941678008590344
2022-08-21,28.85981361416482
2022-08-22,25.708310591192095
2022-08-23,25.600104672968214
2022-08-24,28.770688377285516
2022-08-25,37.18871122891602
2022-08-26,-6.8031454901748845
2022-08-27,25.268815393454055
2022-08-28,37.31316111229763
2022-08-29,24.72795355877507
2022-08-30,21.529158664011682
2022-08-31,17.681613385347823
2022-09-01,22.58282136413945
2022-09-02,25.00699257823569
2022-09-03,47.83409525639515
2022-09-04,45.41180731470598
2022-09-05,44.74044419478477
2022-09-06,14.850174053222887
2022-09-07,28.27909742050413
2022-09-08,27.532706315746587
2022-09-09,-1.7035976696639779
2022-09-10,26.996690137010404
2022-09-11,33.60669224819999
2022-09-12,14.340354762301288
2022-09-13,-17.073633920493705
2022-09-14,16.25784091677
2022-09-15,10.798660824392684
2022-09-16,19.981810166084422
2022-09-17,31.334940282967537
2022-09-18,27.228970000959556
2022-09-19,-13.670687219259051
2022-09-20,9.076096169837797
2022-09-21,-76.89697637510314
2022-09-22,8.49493063965356
2022-09-23,9.141541185060248
2022-09-24,29.239372773745266
2022-09-25,35.09939327758331
2022-09-26,20.91711734533355
2022-09-27,-0.7370288490331234
2022-09-28,1.7035402228728174
2022-09-29,8.803295449950738
2022-09-30,-2.252294388630972
2022-10-01,43.68775212141334
2022-10-02,38.79799307420598
2022-10-03,22.664129958352113
2022-10-04,19.500747038516224
2022-10-05,26.294536652215356
2022-10-06,17.684370389719163
2022-10-07,20.564590623117034
2022-10-08,43.35520329911978
2022-10-09,43.39523474873454
2022-10-10,32.96757192214999
2022-10-11,32.001481584454126
2022-10-12,40.58341558465088
2022-10-13,-21.36324353117817
2022-10-14,12.509063716015575
2022-10-15,43.59810494325485
2022-10-16,37.549058076326205
2022-10-17,27.92257866373636
2022-10-18,24.919423599083338
2022-10-19,32.18990446471277
2022-10-20,29.07101777111093
2022-10-21,24.41072505502372
2022-10-22,51.3173690641966
2022-10-23,31.230973988438294
2022-10-24,33.54516638004159
2022-10-25,17.694271954575534
2022-10-26,10.271350680214212
2022-10-27,14.018209786556248
2022-10-28,14.466603750461594
2022-10-29,17.3541755954271
2022-10-30,32.602553103247054
2022-10-31,20.78896021914224
2022-11-01,32.72432929145039
2022-11-02,5.189790810839483
2022-11-03,25.017503911013964
2022-11-04,0.02564926103782028
2022-11-05,27.225158448373524
2022-11-06,31.872451343514935
2022-11-07,21.484444285198506
2022-11-08,-122.9795486353843
2022-11-09,-55.51624726769438
2022-11-10,-86.08277545855444
2022-11-11,-23.340441254536074
2022-11-12,54.26417217886283
2022-11-13,53.23165056175544
2022-11-14,-21.80514801065526
2022-11-15,25.27694820049669
2022-11-16,47.50378020216549
2022-11-17,39.21201269332725
2022-11-18,37.96952526176159
2022-11-19,53.42704326152311
2022-11-20,46.73271995150124
2022-11-21,10.10239935877594
2022-11-22,24.7192760513186
2022-11-23,29.812606781157733
2022-11-24,38.36388656775499
2022-11-25,38.52916701720922
2022-11-26,42.3040036609633
2022-11-27,47.10608671141894
2022-11-28,25.29740598181119
2022-11-29,33.160375111661395
2022-11-30,10.68759092640677
2022-12-01,28.264535713736247
2022-12-02,30.7643020897505
2022-12-03,41.94891905539871
2022-12-04,38.02505235283685
2022-12-05,22.26524761231792
2022-12-06,33.14989476288635
2022-12-07,36.647407637171696
2022-12-08,26.841390135790853
2022-12-09,34.20648265915833
2022-12-10,49.27249063812132
2022-12-11,48.048464874693266
2022-12-12,39.658344595434556
2022-12-13,7.304532916035356
2022-12-14,1.2798634263432263
2022-12-15,27.63498765361467
2022-12-16,17.115044062698686
2022-12-17,39.9272169191073
2022-12-18,48.97928501359603
2022-12-19,29.704412574416736
2022-12-20,23.62312260551414
2022-12-21,36.13784076302048
2022-12-22,32.32103086572177
2022-12-23,25.947870702546155
2022-12-24,42.809984745829226
2022-12-25,38.92839716730341
2022-12-26,41.758865352211515
2022-12-27,33.81666186635154
2022-12-28,30.665914344358267
2022-12-29,37.73382517537619
2022-12-30,28.387348078105216
2022-12-31,34.862409182679414
2023-01-01,37.421127401315985
2023-01-02,31.634613710819774
2023-01-03,33.142807962467955
2023-01-04,22.816275464617412
2023-01-05,32.56617144992305
2023-01-06,22.889744611799024
2023-01-07,35.83758706055686
2023-01-08,29.18954545579831
2023-01-09,20.72327801847522
2023-01-10,25.572331874065053
2023-01-11,12.001226614109989
2023-01-12,-24.45716271962867
2023-01-13,1.2956162974006986
2023-01-14,-26.972603696373383
2023-01-15,23.16737702151368
2023-01-16,1.8220109859947868
2023-01-17,12.257761947267582
2023-01-18,-1.513856128831577
2023-01-19,22.76181973027083
2023-01-20,1.2631110683403293
2023-01-21,-6.93925659122776
2023-01-22,11.540169806804862
2023-01-23,12.374050648991386
2023-01-24,14.833830558262235
2023-01-25,-6.343911679204389
2023-01-26,10.238455998265948
2023-01-27,9.785889019298544
2023-01-28,33.06095268351424
2023-01-29,10.840411336626055
2023-01-30,3.9766544780403947
2023-01-31,19.726594082779975
2023-02-01,11.603443966614464
2023-02-02,3.5463601165000327
2023-02-03,12.258367524843983
2023-02-04,32.677590620494804
2023-02-05,21.070564556171774
2023-02-06,19.451105698402756
2023-02-07,10.776589730204215
2023-02-08,21.060224504077183
2023-02-09,-1.159057198723545
2023-02-10,9.166486206197625
2023-02-11,28.136507632599237
2023-02-12,22.204279297777955
2023-02-13,13.178135602141012
2023-02-14,0.42832465493004435
2023-02-15,-2.742359385435023
2023-02-16,-10.784142956826116
2023-02-17,-10.322967856872175
2023-02-18,27.357977698203374
2023-02-19,14.239640285690221
2023-02-20,5.139043044266593
2023-02-21,8.606906760376631
2023-02-22,-1.9199942915509354
2023-02-23,1.0907540372433928
2023-02-24,-4.724948869355124
2023-02-25,20.86394579729254
2023-02-26,18.378738798746497
2023-02-27,6.808821673024525
2023-02-28,12.33333137097437
2023-03-01,7.368341465982375
2023-03-02,18.819083128366756
2023-03-03,-10.445390434973085
2023-03-04,32.55597632918496
2023-03-05,19.143794830662745
2023-03-06,25.561783027690357
2023-03-07,9.976229473256168
2023-03-08,12.351420792140722
2023-03-09,-2.5257298213714066
2023-03-10,-20.371546974826742
2023-03-11,-0.12055960461783854
2023-03-12,-17.83870077603823
2023-03-13,-49.00966680026415
2023-03-14,-63.874381420825635
2023-03-15,-27.316444380577934
2023-03-16,-3.2736121322992915
2023-03-17,-24.65102564701651
2023-03-18,-1.9954417840459513
2023-03-19,10.675492380141058
2023-03-20,-6.902617505320606
2023-03-21,10.385823588990895
2023-03-22,-23.229649549292702
2023-03-23,-5.4624466077957265
2023-03-24,-6.479084783213807
2023-03-25,23.06051954386428
2023-03-26,22.42797089306378
2023-03-27,8.479380915820435
2023-03-28,11.021683471534345
2023-03-29,12.500266142914029
2023-03-30,2.0321065093909496
2023-03-31,6.938323915763505
2023-04-01,27.111939650679904
2023-04-02,28.900494718842065
2023-04-03,0.5215869814360587
2023-04-04,17.493384535371888
2023-04-05,11.253109002352502
2023-04-06,21.957975490090917
2023-04-07,28.54575811459743
2023-04-08,38.24076245526537
2023-04-09,30.40664419367135
2023-04-10,17.135158497400724
2023-04-11,13.39972144754892
2023-04-12,10.719438029180537
2023-04-13,23.567281818175204
2023-04-14,8.302976070869398
2023-04-15,34.03570995115045
2023-04-16,33.09470937637548
2023-04-17,15.124643925479155
2023-04-18,19.784250915052546
2023-04-19,-2.7523837987049475
2023-04-20,5.985302890215834
2023-04-21,7.052366863202231
2023-04-22,26.01767748216116
2023-04-23,19.415556954071867
2023-04-24,8.064749273919986
2023-04-25,12.275761522621707
2023-04-26,-36.57404802927607
2023-04-27,-23.71415188598872
2023-04-28,8.176027757623316
2023-04-29,27.169313178935518
2023-04-30,13.907493873874039
2023-05-01,-1.3648160323219756
2023-05-02,8.970877211015903
2023-05-03,1.0089395030740889
2023-05-04,13.316965610930097
2023-05-05,5.526366137905065
2023-05-06,10.020461402436297
2023-05-07,17.74685912973741
2023-05-08,-2.880233513408541
2023-05-09,16.118204466919295
2023-05-10,-26.729944896556717
2023-05-11,7.329215938051455
2023-05-12,-6.610669789736733
2023-05-13,18.800425279795732
2023-05-14,21.924743282621957
2023-05-15,15.890073469182099
2023-05-16,17.895710504862954
2023-05-17,11.999925326583792
2023-05-18,4.248630370521859
2023-05-19,12.819569292507524
2023-05-20,29.260135196284956
2023-05-21,22.241683006051982
2023-05-22,18.216931097643197
2023-05-23,20.77881433967033
2023-05-24,12.735426219357343
2023-05-25,12.497161636721003
2023-05-26,20.118661183764466
2023-05-27,25.354269710695977
2023-05-28,11.1850623130425
2023-05-29,13.495317984634589
2023-05-30,11.832722879467816
2023-05-31,6.76518420154796
2023-06-01,3.9851047376924313
2023-06-02,6.342169015197825
2023-06-03,20.709499955993625
2023-06-04,19.311671619645512
2023-06-05,-13.691349476255503
2023-06-06,-8.610414732309124
2023-06-07,-7.933474817092566
2023-06-08,7.347746913451672
2023-06-09,12.948935897614554
2023-06-10,-10.314878550700953
2023-06-11,11.682992825334587
2023-06-12,10.689010760371474
2023-06-13,5.739835825168512
2023-06-14,-3.6078569424650695
2023-06-15,8.630278771038029
2023-06-16,4.614824509820231
2023-06-17,8.208003071678128
2023-06-18,19.565134840088604
2023-06-19,10.963381622376218
2023-06-20,2.5471604932105194
2023-06-21,-14.713077278804377
2023-06-22,2.5872639970314637
2023-06-23,-8.406306779956545
2023-06-24,16.726862581768223
2023-06-25,15.53007298778617
2023-06-26,6.927962594849383
2023-06-27,10.752626483344308
2023-06-28,8.302385800130217
2023-06-29,8.99575972043634
2023-06-30,-31.682633618297118
2023-07-01,28.46962483043871
2023-07-02,14.882885454292236
2023-07-03,17.190790429908073
2023-07-04,18.644010520531655
2023-07-05,19.053424065318172
2023-07-06,-3.8010252482149625
2023-07-07,9.076358826476856
2023-07-08,27.065837697829053
2023-07-09,24.5840820294923
2023-07-10,5.2909821779670665
2023-07-11,15.87894778592521
2023-07-12,6.591913714601681
2023-07-13,-5.032082287850969
2023-07-14,-4.561201595033019
2023-07-15,29.58104647855647
2023-07-16,20.876731692727127
2023-07-17,7.306666991533568
2023-07-18,7.294032713938293
2023-07-19,12.069365112900261
2023-07-20,8.774764947897268
2023-07-21,16.03825201185071
2023-07-22,23.640565180750855
2023-07-23,18.54757257730261
2023-07-24,-8.467331773470114
2023-07-25,17.815800889008482
2023-07-26,8.80531093061187
2023-07-27,16.850101397074567
2023-07-28,16.81279004508552
2023-07-29,26.236091090937137
2023-07-30,17.803130141593687
2023-07-31,14.752144653066761
2023-08-01,1.4759245579259286
2023-08-02,1.8929473442391185
2023-08-03,13.697863439569296
2023-08-04,14.216598203865054
2023-08-05,25.430193011705313
2023-08-06,22.379377330509747
2023-08-07,11.776115937164839
2023-08-08,8.537343392020773
2023-08-09,13.021954247543544
2023-08-10,17.187517400691753
2023-08-11,18.091785087082883
2023-08-12,27.680289639542938
2023-08-13,25.77276136953621
2023-08-14,13.797987616632632
2023-08-15,17.834676942620828
2023-08-16,14.06535413241539
2023-08-17,-123.58192663045283
2023-08-18,-10.817566193289252
2023-08-19,17.67152928167678
2023-08-20,23.65023910405819
2023-08-21,15.69679971273117
2023-08-22,2.924865135193862
2023-08-23,3.7822208537326745
2023-08-24,13.655575016383999
2023-08-25,5.970797408904804
2023-08-26,25.397978105670163
2023-08-27,23.700429773601883
2023-08-28,11.23657854144719
2023-08-29,-32.09234132476221
2023-08-30,2.1396883762075376
2023-08-31,-15.574344484251199
2023-09-01,-5.202654596782978
2023-09-02,19.535962452549526
2023-09-03,16.165568314871408
2023-09-04,12.504927885065072
2023-09-05,15.669542312833723
2023-09-06,7.545721282082447
2023-09-07,8.514784504619357
2023-09-08,8.604942005819911
2023-09-09,28.882716808864593
2023-09-10,18.10338850669453
2023-09-11,1.3570784748823002
2023-09-12,-10.987868396826237
2023-09-13,6.525154954982966
2023-09-14,5.663588397106324
2023-09-15,11.815631761802528
2023-09-16,22.2847100809729
2023-09-17,26.278325770446653
2023-09-18,2.3788773450678704
2023-09-19,2.759430864723136
2023-09-20,5.858158592954574
2023-09-21,11.347912546374491
2023-09-22,15.614137852951835
2023-09-23,28.964213005078065
2023-09-24,11.912130042513333
2023-09-25,10.748752137899661
2023-09-26,17.60259904540034
2023-09-27,4.489782037522168
2023-09-28,-0.09511958848448643
2023-09-29,-0.07517859137942651
2023-09-30,21.77395062658298
2023-10-01,-37.01141706426
2023-10-02,-15.226603691242744
2023-10-03,4.672622551661966
2023-10-04,5.546492871371072
2023-10-05,1.7798908796058726
2023-10-06,-8.414652030452935
2023-10-07,21.662694110585477
2023-10-08,16.02179559599297
2023-10-09,3.3308784401835183
2023-10-10,9.758574307562082
2023-10-11,-0.9604170834648613
2023-10-12,8.597218113879265
2023-10-13,6.114570526292805
2023-10-14,24.87616168013518
2023-10-15,19.884490706936045
2023-10-16,-72.74437979359561
2023-10-17,0.6410317377298753
2023-10-18,-0.4028016251996789
2023-10-19,3.089143595247151
2023-10-20,-5.186258019517439
2023-10-21,15.64990830971566
2023-10-22,18.121997047432632
2023-10-23,-92.47748003058356
2023-10-24,-44.23460325047323
2023-10-25,-0.791413095878589
2023-10-26,10.105171894453527
2023-10-27,5.640817863942324
2023-10-28,21.46883818348764
2023-10-29,25.42276044249972
2023-10-30,15.436388283227295
2023-10-31,20.837111761933762
2023-11-01,9.130603558901186
2023-11-02,15.472012429792542
2023-11-03,16.945136002814394
2023-11-04,38.789965877649195
2023-11-05,25.980654295900983
2023-11-06,27.367780065251623
2023-11-07,14.003396414805302
2023-11-08,16.48690285663409
2023-11-09,-23.620142011508015
2023-11-10,11.414043904862943
2023-11-11,28.982272776065773
2023-11-12,34.98374734864079
2023-11-13,19.54372650882795
2023-11-14,-4.538803954441654
2023-11-15,-10.223788309758966
2023-11-16,-1.1825237185507618
2023-11-17,1.810440719198148
2023-11-18,30.269367580978496
2023-11-19,28.740814559120754
2023-11-20,13.080249294022806
2023-11-21,0.22015991626236087
2023-11-22,11.997791961279951
2023-11-23,23.552290296285328
2023-11-24,6.790410641244655
2023-11-25,36.65482394550834
2023-11-26,27.397300615221525
2023-11-27,14.17209731201271
2023-11-28,11.138774722580251
2023-11-29,16.11008254648842
2023-11-30,21.84831942193035
2023-12-01,14.42824818473482
2023-12-02,11.162262272889365
2023-12-03,22.818915390672103
2023-12-04,-1.2313631915517078
2023-12-05,-5.128538791742933
2023-12-06,2.843917738718055
2023-12-07,5.907249116584708
2023-12-08,14.359896230363688
2023-12-09,23.663888259525553
2023-12-10,31.48918856831983
2023-12-11,-50.40063893311891
2023-12-12,3.7805481875809477
2023-12-13,0.8634809159199008
2023-12-14,-1.5774678510014652
2023-12-15,14.701675191159815
2023-12-16,26.428236227595608
2023-12-17,17.951666666677973
2023-12-18,8.354824544954631
2023-12-19,9.710341364448524
2023-12-20,8.246390187397452
2023-12-21,12.737289511581466
2023-12-22,17.190798403366152
2023-12-23,33.23624738231009
2023-12-24,20.86302497108352
2023-12-25,24.041575976753393
2023-12-26,18.8307480664538
2023-12-27,25.93640353375138
2023-12-28,21.92307262381008
2023-12-29,14.379205962498837
2023-12-30,29.69255397818251
2023-12-31,30.674253425846906
2024-01-01,33.0790402943183
2024-01-02,4.256266872751361
2024-01-03,-61.96490578303532
2024-01-04,6.643883213505411
2024-01-05,-22.43370557461064
2024-01-06,40.87581943300483
2024-01-07,37.26179764170726
2024-01-08,-1.4507257182347502
2024-01-09,-48.37177233387236
2024-01-10,-37.18473838549785
2024-01-11,-19.743921700095783
2024-01-12,-32.843392667386624
2024-01-13,7.3411758861603005
2024-01-14,10.198466483287561
2024-01-15,11.087840196955966
2024-01-16,6.478058012343979
2024-01-17,9.048515610473082
2024-01-18,-1.5138858032530393
2024-01-19,-4.89384121392596
2024-01-20,23.37666845752872
2024-01-21,28.751432511785804
2024-01-22,-15.427129565074644
2024-01-23,-12.086891055782829
2024-01-24,2.094271172383202
2024-01-25,7.146290691973604
2024-01-26,-4.895640625388566
2024-01-27,18.99402271469335
2024-01-28,11.276936407267932
2024-01-29,5.445055450468104
2024-01-30,3.5805175913649876
2024-01-31,-3.7282913528212234
2024-02-01,1.4123170266186378
2024-02-02,5.992135261627716
2024-02-03,22.513708022308226
2024-02-04,17.943573989095032
2024-02-05,8.090595732156132
2024-02-06,9.881674528445991
2024-02-07,8.997541776672385
2024-02-08,6.114284011511344
2024-02-09,-13.87099701601084
2024-02-10,18.15422014314536
2024-02-11,16.46808714501657
2024-02-12,3.786524013936827
2024-02-13,-3.6866721243642857
2024-02-14,-2.3409330636428223
2024-02-15,4.173350932950505
2024-02-16,13.731463117928286
2024-02-17,21.079751923876003
2024-02-18,26.325854387957826
2024-02-19,21.15663113154926
2024-02-20,3.9027612725932954
2024-02-21,7.007884842901312
2024-02-22,12.035478437567235
2024-02-23,14.746780605839596
2024-02-24,31.51737724629251
2024-02-25,30.00566522014875
2024-02-26,2.946468540852244
2024-02-27,-11.17291851279829
2024-02-28,-64.68003706296803
2024-02-29,-22.552420216345098
2024-03-01,6.679775450140404
2024-03-02,29.205421610423635
2024-03-03,28.698241501989216
2024-03-04,-15.305244114325134
2024-03-05,-72.50156077842917
2024-03-06,-22.128645055857987
2024-03-07,3.4323897953845233
2024-03-08,-11.540632128699727
2024-03-09,47.737097591027776
2024-03-10,33.997204505195654
2024-03-11,12.688704508531373
2024-03-12,-0.7249690082638551
2024-03-13,25.10229152165148
2024-03-14,-6.100987587144118
2024-03-15,-43.884156843371954
2024-03-16,0.07254960182865489
2024-03-17,8.441172412312255
2024-03-18,8.260857716927191
2024-03-19,-26.212526332764014
2024-03-20,-28.230639428340055
2024-03-21,0.4108441474398603
2024-03-22,-5.088435730370335
2024-03-23,19.585118635738624
2024-03-24,17.52222376695577
2024-03-25,13.167015732532938
2024-03-26,16.273120314876024
2024-03-27,6.115260188077016
2024-03-28,27.359155588672614
2024-03-29,36.250442053480604
2024-03-30,51.580421474637234
2024-03-31,47.229972886371996
2024-04-01,26.02450578113433
2024-04-02,-6.5555002876283766
2024-04-03,18.446096073869256
2024-04-04,18.988582303545762
2024-04-05,11.959128550657205
2024-04-06,37.79876065873452
2024-04-07,39.50701969344754
2024-04-08,26.09256581030614
2024-04-09,15.509909887507312
2024-04-10,11.858954337593765
2024-04-11,15.410035153542594
2024-04-12,-2.595418244112068
2024-04-13,-50.56441203169199
2024-04-14,-18.21683207775571
2024-04-15,-4.28804730978392
2024-04-16,-12.504519978982103
2024-04-17,-7.650169626959823
2024-04-18,0.48979114512737
2024-04-19,-26.412985477314564
2024-04-20,21.22213643225713
2024-04-21,28.930668725045486
2024-04-22,18.818639122171668
2024-04-23,25.612299472380208
2024-04-24,13.023581915335313
2024-04-25,8.169708762937482
2024-04-26,11.988309467208218
2024-04-27,12.432036143728773
2024-04-28,24.543340626579734
2024-04-29,6.757512717944351
2024-04-30,-11.065614451291623
2024-05-01,-33.0769693305173
2024-05-02,-4.37005470897536
2024-05-03,-4.156582225987854
2024-05-04,8.686860473173653
2024-05-05,17.171020817992655
2024-05-06,1.8563546580594732
2024-05-07,5.488781846443587
2024-05-08,3.08709574858198
2024-05-09,8.458666164698933
2024-05-10,1.5693934095580104
2024-05-11,24.937402408090115
2024-05-12,26.453365806237947
2024-05-13,8.249157799111337
2024-05-14,7.273570171581376
2024-05-15,-2.9515739744175065
2024-05-16,15.131528603576236
2024-05-17,15.464554238403096
2024-05-18,30.880989841448677
2024-05-19,25.37301549480437
2024-05-20,6.786757536531887
2024-05-21,8.183856046696881
2024-05-22,10.700211595967083
2024-05-23,-7.866461233228435
2024-05-24,13.639860998944322
2024-05-25,30.54509954301287
2024-05-26,29.957958404429327
2024-05-27,16.963894735340794
2024-05-28,6.070854170700628
2024-05-29,14.420124023827334
2024-05-30,12.034919916579142
2024-05-31,12.124474756352257
2024-06-01,34.29340117843514
2024-06-02,25.948266478986014
2024-06-03,10.775852221095462
2024-06-04,14.071331524692113
2024-06-05,15.89909658154913
2024-06-06,20.64243099678178
2024-06-07,1.446459993645604
2024-06-08,34.822395740310114
2024-06-09,33.846825121021666
2024-06-10,25.572649313012985
2024-06-11,0.024087980356014782
2024-06-12,-9.089111269575433
2024-06-13,5.1695526705297965
2024-06-14,2.7353805130991447
2024-06-15,31.17366154619905
2024-06-16,28.38738491606914
2024-06-17,7.994001990664785
2024-06-18,-8.624555230573193
2024-06-19,16.602574921809563
2024-06-20,12.21619352717319
2024-06-21,5.599571707678287
2024-06-22,32.75446300180386
2024-06-23,29.666403719332912
2024-06-24,-16.051035162418053
2024-06-25,2.6330323804809197
2024-06-26,10.281655733761681
2024-06-27,12.365172973140162
2024-06-28,7.0295995508719855
2024-06-29,23.20620134691504
2024-06-30,14.297238441973334
2024-07-01,8.325174988563326
2024-07-02,9.913184182168578
2024-07-03,0.21892990987128513
2024-07-04,-31.641148410018914
2024-07-05,-40.342403715116866
2024-07-06,7.992114269288429
2024-07-07,6.7349370155491
2024-07-08,-36.59341084716948
2024-07-09,-7.785945535662982
2024-07-10,-4.830620366124357
2024-07-11,-9.800218413028489
2024-07-12,-1.5404206767066029
2024-07-13,11.243949866362065
2024-07-14,6.102683679062288
2024-07-15,-2.4708684131410408
2024-07-16,-4.957241229706177
2024-07-17,6.249998316933315
2024-07-18,13.960394686457
2024-07-19,13.085557716600327
2024-07-20,28.290483945124905
2024-07-21,21.49116406027806
2024-07-22,24.35706336381672
2024-07-23,12.23122474935274
2024-07-24,17.877704876233828
2024-07-25,7.324365297603869
2024-07-26,18.011456300272755
2024-07-27,-14.500486802508895
2024-07-28,21.096532343015205
2024-07-29,-3.4619826566286562
2024-07-30,0.6846315690280278
2024-07-31,-1.9520857214026321
2024-08-01,-8.385491547379026
2024-08-02,-25.742769939894053
2024-08-03,-11.599164777396574
2024-08-04,-3.7103185069402613
2024-08-05,-148.83165758917153
2024-08-06,-28.75482560843502
2024-08-07,-15.805205686311758
2024-08-08,-36.05877562096434
2024-08-09,-11.146819464174179
2024-08-10,19.891550654840515
2024-08-11,5.625138381424897
2024-08-12,-23.471184262097744
2024-08-13,-1.06701618641344
2024-08-14,-4.510029968380081
2024-08-15,-14.95975132462354
2024-08-16,-10.064527052034656
2024-08-17,28.089412201491776
2024-08-18,18.956818074979672
2024-08-19,5.5327772392440835
2024-08-20,0.09032603682467055
2024-08-21,1.8376274101708745
2024-08-22,8.916997460518672
2024-08-23,-2.5940894703375292
2024-08-24,23.126844782287392
2024-08-25,23.72958303801784
2024-08-26,7.969656542176089
2024-08-27,-17.39399360558093
2024-08-28,-10.999095325633071
2024-08-29,2.4246242359199
2024-08-30,0.5615226961668185
2024-08-31,27.976459201502106
2024-09-01,3.4632993407229975
2024-09-02,7.187150450806499
2024-09-03,12.78645251302494
2024-09-04,-7.899163418682463
2024-09-05,-1.7446920333993177
2024-09-06,-21.045085403384654
2024-09-07,24.382044894428766
2024-09-08,18.697993240986634
2024-09-09,0.545520393544983
2024-09-10,9.694433688108155
2024-09-11,-5.479719972940295
2024-09-12,0.6073613160326303
2024-09-13,10.571676639553921
2024-09-14,25.895651424504788
2024-09-15,22.470246365693367
2024-09-16,7.023221553610242
2024-09-17,2.5434257459393237
2024-09-18,-11.808910731275127
2024-09-19,0.480665587084232
2024-09-20,2.682042969100081
2024-09-21,28.859391298479114
2024-09-22,18.87560089675481
2024-09-23,3.711055730248603
2024-09-24,9.63049711240582
2024-09-25,13.290199600735313
2024-09-26,7.650592839523242
2024-09-27,15.787738638511456
2024-09-28,31.425900770366447
2024-09-29,32.80845546026028
2024-09-30,11.601240401617424
2024-10-01,-3.431780452247743
2024-10-02,-2.439954650400196
2024-10-03,1.525219609993698
2024-10-04,14.119014270262767
2024-10-05,35.28653072684192
2024-10-06,32.81333132188099
2024-10-07,9.553102290191006
2024-10-08,13.45467162070483
2024-10-09,17.146540004676602
2024-10-10,10.996597265867365
2024-10-11,19.051183995630765
2024-10-12,30.85047082992859
2024-10-13,29.20720564803489
2024-10-14,11.376312655886302
2024-10-15,-3.6119951702514896
2024-10-16,6.812425740121917
2024-10-17,17.626072615189713
2024-10-18,16.227916479328165
2024-10-19,37.6822018840963
2024-10-20,33.904834897916544
2024-10-21,18.10773826498626
2024-10-22,15.540451314822391
2024-10-23,19.061939365362115
2024-10-24,19.453413880100044
2024-10-25,4.997106190954078
2024-10-26,31.759042090928965
2024-10-27,34.22735558859789
2024-10-28,16.882467640359458
2024-10-29,11.659832474537083
2024-10-30,17.164189254525603
2024-10-31,15.29117430750621
2024-11-01,3.1643410063207185
2024-11-02,37.53850768988384
2024-11-03,20.011294083199438
2024-11-04,18.029007286106292
2024-11-05,12.773929285795383
2024-11-06,-32.183805152872694
2024-11-07,4.155572955554582
2024-11-08,7.448300018175068
2024-11-09,23.774776660485234
2024-11-10,-18.453269876198107
2024-11-11,-16.09875510077071
2024-11-12,-36.91521957727409
2024-11-13,-35.46328362187234
2024-11-14,-21.96121324078721
2024-11-15,-10.055803784567821
2024-11-16,18.36923754755174
2024-11-17,13.063268998226164
2024-11-18,-8.281598881340159
2024-11-19,-1.5116492892546418
2024-11-20,5.5384323661346855
2024-11-21,1.5003425485191642
2024-11-22,10.821022632125818
2024-11-23,31.328351393754602
2024-11-24,22.61858115159621
2024-11-25,-2.378269297057919
2024-11-26,-6.042270065051717
2024-11-27,9.971586313501653
2024-11-28,15.702436757365923
2024-11-29,17.7238223155126
2024-11-30,30.360156878073308
2024-12-01,28.5911732587737
2024-12-02,4.633263200434072
2024-12-03,9.836415675063193
2024-12-04,8.979099538032997
2024-12-05,-61.22112103528236
2024-12-06,-0.11216960684289035
2024-12-07,24.470779309358974
2024-12-08,25.085354515003125
2024-12-09,-13.421251386173402
2024-12-10,-9.263351389072149
2024-12-11,10.324622045022878
2024-12-12,9.367229202110174
2024-12-13,19.956441579447848
2024-12-14,26.988750615289238
2024-12-15,23.315113458957974
2024-12-16,5.404605246172849
2024-12-17,11.466454425334874
2024-12-18,-8.330976598716084
2024-12-19,-19.012939565825796
2024-12-20,-26.774922643228003
2024-12-21,12.942399589903005
2024-12-22,13.212763606424268
2024-12-23,-6.962987421229137
2024-12-24,11.306390537083317
2024-12-25,18.724391684271794
2024-12-26,8.860669428568258
2024-12-27,5.946305922989296
2024-12-28,31.127709480942805
2024-12-29,29.200396138048255
2024-12-30,6.417897623652543
2024-12-31,12.108182839631809
2025-01-01,29.28788636829077
2025-01-02,14.439060985169924
2025-01-03,24.307613426936555
2025-01-04,37.41721991657579
2025-01-05,36.28267832247961
2025-01-06,16.448020271395464
2025-01-07,7.059832954423882
2025-01-08,-0.5774135136490699
2025-01-09,1.2663678727348113
2025-01-10,-12.965184773302838
2025-01-11,34.40062392106886
2025-01-12,32.6903621514481
2025-01-13,-14.658515811831762
2025-01-14,7.218510597248468
2025-01-15,12.398983148927805
2025-01-16,10.868533792976137
2025-01-17,14.944535819607566
2025-01-18,19.16212211172852
2025-01-19,-14.565657447547991
2025-01-20,-82.97386579889076
2025-01-21,-20.134215475453487
2025-01-22,11.822984840299249
2025-01-23,-43.38469838477465
2025-01-24,5.468900880886984
2025-01-25,29.01242094199256
2025-01-26,26.613422483564094
2025-01-27,-20.505538200560792
2025-01-28,3.5827667670193435
2025-01-29,1.3580938973072065
2025-01-30,15.39994869378063
2025-01-31,12.18272168569731
2025-02-01,23.355188954026843
2025-02-02,-9.815684087375537
2025-02-03,-52.2177120820662
2025-02-04,-17.780253417019964
2025-02-05,3.4040696486653204
2025-02-06,2.9095484530435627
2025-02-07,-1.9450148713460464
2025-02-08,27.81352571257208
2025-02-09,20.78200211325977
2025-02-10,10.753702651289686
2025-02-11,16.975454741481123
2025-02-12,-4.028762885778264
2025-02-13,13.428205231102432
2025-02-14,14.479311523474436
2025-02-15,31.76458855255109
2025-02-16,29.80623594313642
2025-02-17,22.605756201987695
2025-02-18,10.092925767798988
2025-02-19,16.3727401570479
2025-02-20,20.286632410285925
2025-02-21,1.0454336378364104
2025-02-22,29.704954153900143
2025-02-23,30.682954218731986
2025-02-24,-2.3080939406212337
2025-02-25,-43.14898944485918
2025-02-26,-34.669770467154606
2025-02-27,-14.793021442849245
2025-02-28,-53.600175135536766
2025-03-01,9.886087716521274
2025-03-02,-28.850905572105887
2025-03-03,-40.39618599910968
2025-03-04,-49.776826390345924
2025-03-05,-20.10444106680881
2025-03-06,-14.443001198334862
2025-03-07,-62.622464246726814
2025-03-08,12.431887473716436
2025-03-09,-3.425542934050064
2025-03-10,-34.64996933791986
2025-03-11,-33.78823018510446
2025-03-12,-9.141356009190119
2025-03-13,-0.7453801921588692
2025-03-14,2.797717894311724
2025-03-15,30.050868256311247
2025-03-16,4.83674848896019
2025-03-17,7.297846368084308
2025-03-18,7.777859127509224
2025-03-19,2.9467685288164702
2025-03-20,3.7706423537178395
2025-03-21,12.294352554687137
2025-03-22,32.95258618507489
2025-03-23,25.345663273186005
2025-03-24,7.986685975258467
2025-03-25,8.00386663194898
2025-03-26,10.278448597833211
2025-03-27,10.979494690039019
2025-03-28,10.347768243939214
2025-03-29,17.751732291072017
2025-03-30,19.445825746621587
2025-03-31,-1.4672513116386128
2025-04-01,6.472248804970434
2025-04-02,-21.19551952684833
2025-04-03,-1.7494208011217935
2025-04-04,-10.421621432546715
2025-04-05,29.03443029837274
2025-04-06,-7.066412834749414
2025-04-07,-67.86894276961726
2025-04-08,-10.155307672416399
2025-04-09,-43.75899221578435
2025-04-10,-8.089200550322232
2025-04-11,-0.15534500871144274
2025-04-12,17.927631798717414
2025-04-13,4.432171813800892
2025-04-14,-0.4025513000629246
2025-04-15,8.90628891454228
2025-04-16,4.336409654723589
2025-04-17,15.13214130687912
2025-04-18,28.445559469860463
2025-04-19,28.715047854825965
2025-04-20,26.37045236502794
2025-04-21,5.197043950631958
2025-04-22,-8.83442783604611
2025-04-23,-2.0449300969661266
2025-04-24,10.79902892986022
2025-04-25,7.041611365664359
2025-04-26,22.860455176232477
2025-04-27,21.716518961283604
2025-04-28,10.938518273807887
2025-04-29,11.594380426274377
2025-04-30,9.513968461152814
2025-05-01,13.853279834566536
2025-05-02,13.368490213957248
2025-05-03,26.555406111786
2025-05-04,21.875772628960235
2025-05-05,12.698271519333694
2025-05-06,14.329036922287244
2025-05-07,10.543246136287287
2025-05-08,-2.7018244057559286
2025-05-09,5.7806489597225905
2025-05-10,18.610449066003316
2025-05-11,10.524213344123396
2025-05-12,-4.8375813434494574
2025-05-13,7.354633515738286
2025-05-14,12.883111360464685
2025-05-15,4.822563878919929
2025-05-16,12.350979855455442
2025-05-17,19.053835350233374
2025-05-18,8.0397005221119
2025-05-19,-1.0613550954276718
2025-05-20,6.362910402860763
2025-05-21,-7.870994110478044
2025-05-22,1.51352740896467
2025-05-23,-4.124041940947187
2025-05-24,13.134434465695222
2025-05-25,12.440087436958521
2025-05-26,14.18563903238114
2025-05-27,3.8661330644142993
2025-05-28,12.559406805696433
2025-05-29,3.1499891227175425
2025-05-30,0.10004508456636074
2025-05-31,16.439999933130927
2025-06-01,19.638963796966593
2025-06-02,11.273947218377927
2025-06-03,14.498630518805506
2025-06-04,17.284397661314518
2025-06-05,-1.9749959290991015
2025-06-06,10.349989954605032
2025-06-07,21.118171381514568
2025-06-08,23.93069139644805
2025-06-09,7.923939942973057
2025-06-10,10.6201843333771
2025-06-11,9.54011018304908
2025-06-12,4.005566834446569
2025-06-13,-9.466836797030737
2025-06-14,18.159343775691067
2025-06-15,19.29377637737481
2025-06-16,5.66461297207141
2025-06-17,3.242893895325608
2025-06-18,-1.2400201674969509
2025-06-19,15.590240095611236
2025-06-20,5.4728321004007086
2025-06-21,5.077555523975512
2025-06-22,-13.130958802864754
2025-06-23,-10.822811867575027
2025-06-24,4.0309758022840825
2025-06-25,6.118243665852653
2025-06-26,7.260310648223179
2025-06-27,10.844161913558324
2025-06-28,27.168606091130005
2025-06-29,21.326138605327426
2025-06-30,12.936887682464167
2025-07-01,11.354047649912662
2025-07-02,10.308221997138485
2025-07-03,8.827051518341705
2025-07-04,16.14976456219511
2025-07-05,25.771084718473134
2025-07-06,17.12337118298927
2025-07-07,13.080314466590433
2025-07-08,14.141369716665604
2025-07-09,8.683859738124543
2025-07-10,-5.258920075709241
2025-07-11,-1.0670986563591285
2025-07-12,17.270077812426592
2025-07-13,14.920167968316974
2025-07-14,-2.2278759860060333
2025-07-15,-9.147889397681936
2025-07-16,1.6340662202702347
2025-07-17,-1.470383048798766
2025-07-18,-0.4157162085500943
2025-07-19,18.78125480809257
2025-07-20,11.639556315442242
2025-07-21,5.127135934353923
2025-07-22,-2.4477649256324057
2025-07-23,5.936239251346109
2025-07-24,6.660823443252205
2025-07-25,-3.4956068287287465
2025-07-26,23.92023206658611
2025-07-27,18.195456726434752
2025-07-28,7.785093337133922
2025-07-29,3.5947143789501297
2025-07-30,4.6082725233667325
2025-07-31,6.463402508070509
2025-08-01,-12.161184829731688
2025-08-02,8.733162030971304
2025-08-03,15.474789702355189
2025-08-04,9.47195826400931
2025-08-05,2.3241681641724696
2025-08-06,6.100314785037103
2025-08-07,6.969142996354918
2025-08-08,10.422507757493726
2025-08-09,16.466900166630865
2025-08-10,8.883085746804692
2025-08-11,-3.248487705950609
2025-08-12,2.841311233625788
2025-08-13,0.028156208010557293
2025-08-14,-14.62417534940493
2025-08-15,1.5591397646756846
2025-08-16,17.84651541700294
2025-08-17,18.144997949055075
2025-08-18,2.841712198462332
2025-08-19,0.24941141949073398
2025-08-20,0.25540575972665636
2025-08-21,5.040833275545474
2025-08-22,-9.295098176648963
2025-08-23,15.358431144379104
2025-08-24,-15.6325540652211
2025-08-25,-8.158259959149966
2025-08-26,-5.957932163109142
2025-08-27,-5.481352302564908
2025-08-28,6.196271097245734
2025-08-29,-5.5941572518535025
2025-08-30,19.186179000771546
2025-08-31,18.589069982711038
2025-09-01,3.5141858573134996
2025-09-02,-0.10532160713511018
2025-09-03,8.201660027252952
2025-09-04,8.224281221937861
2025-09-05,-4.653592618303243
2025-09-06,22.9912259278404
2025-09-07,22.07663129048555
2025-09-08,11.219595830790059
2025-09-09,9.287341311032701
2025-09-10,6.377661714467795
2025-09-11,7.4701692879937305
2025-09-12,10.430267820117589
2025-09-13,18.635651609390656
2025-09-14,17.466924261258757
2025-09-15,8.243356291393404
2025-09-16,11.679636164025343
2025-09-17,1.4988778993208953
2025-09-18,8.749295791963377
2025-09-19,14.815144566853206
2025-09-20,24.60227306479726
2025-09-21,22.584932192198483
2025-09-22,-3.196915857957322
2025-09-23,11.718437146596319
2025-09-24,9.724729769371784
2025-09-25,-0.7363254717844399
2025-09-26,4.869717410217007
2025-09-27,23.320824270343543
2025-09-28,17.15743784128595
2025-09-29,10.910880187764668
2025-09-30,9.171913025089488
2025-10-01,8.252338051954453
2025-10-02,7.505321958659273
2025-10-03,1.8023290507069234
2025-10-04,20.143462033718244
2025-10-05,1.2040068909178743
2025-10-06,6.161108774206781
2025-10-07,4.144817868392117
2025-10-08,4.723417063941675
2025-10-09,4.773964933198414
2025-10-10,-113.80024484953027
2025-10-11,-6.732105724379068
2025-10-12,-13.27445458859502
2025-10-13,-2.2874637795553383
2025-10-14,-9.428781895606726
2025-10-15,-3.083288168625309
2025-10-16,-11.020098129116406
2025-10-17,-6.523713336557641
2025-10-18,22.114297584888813
2025-10-19,10.799128410665261
2025-10-20,5.791134861333511
2025-10-21,-14.382825694991638
2025-10-22,-2.729604570315317
2025-10-23,4.954535291823852
2025-10-24,5.713990989039139
2025-10-25,24.464816330360726
2025-10-26,3.3755502825947374
2025-10-27,10.869292747344144
2025-10-28,4.117175745422514
2025-10-29,-6.281530800821876
2025-10-30,-7.426887935069779
2025-10-31,-2.7782997936489338
2025-11-01,23.142893213748767
2025-11-02,19.009806254245397
2025-11-03,-7.744313371898478
2025-11-04,-26.759850495828935
2025-11-05,-9.681062577623976
2025-11-06,-7.036862456618607
2025-11-07,-10.685674209232808
2025-11-08,12.55956481901248
2025-11-09,8.054493847584297
2025-11-10,2.705914585154005
2025-11-11,3.3894635998917693
2025-11-12,2.364976076281188
2025-11-13,-18.95566833343657
2025-11-14,-29.38200071619189
2025-11-15,7.799930667230562
2025-11-16,-1.0509137282528158
2025-11-17,-10.678504341050768
2025-11-18,-12.42534195187826
2025-11-19,-5.543900802024041
2025-11-20,-11.917010727080616
2025-11-21,-46.27520359922887
2025-11-22,13.375358489760778
2025-11-23,11.194582793102605
2025-11-24,-4.050726744381741
2025-11-25,6.512387036932459
2025-11-26,4.208270736806419
2025-11-27,14.553627733695087
2025-11-28,8.664093508919528
2025-11-29,24.209857011475968
2025-11-30,21.736662594494597
2025-12-01,-11.836712591167945
2025-12-02,-5.6947230245347455
2025-12-03,-10.533406154546107
2025-12-04,-1.969589616616318
2025-12-05,-0.6668672665389721
2025-12-06,20.402331698898568
2025-12-07,2.289324539790833
2025-12-08,0.8521102700511847
2025-12-09,-6.426667404425913
2025-12-10,-13.123495998815137
2025-12-11,-9.939422383259512
2025-12-12,-0.8572048933211107
2025-12-13,27.106554426242184
2025-12-14,11.403105062217705
2025-12-15,-7.058707114650275
2025-12-16,-7.211548646798292
2025-12-17,-14.607967864944307
2025-12-18,-15.527507095005348
2025-12-19,-14.833399923085146
2025-12-20,26.146253122954914
2025-12-21,16.111591496138278
2025-12-22,-3.3082828225056247
2025-12-23,0.14402646692884247
2025-12-24,8.738679769037063
2025-12-25,17.412283292445185
2025-12-26,0.7156468787806389
2025-12-27,27.649195437553328
2025-12-28,25.795362895807177
2025-12-29,2.0579362718200827
2025-12-30,8.79289845135147
2025-12-31,16.515507564832124
2026-01-01,24.787555416874607
2026-01-02,0.7601677864626311
2026-01-03,23.70773709136314
2026-01-04,17.11896966035216
2026-01-05,4.531416592708631
2026-01-06,1.5412682937092868
2026-01-07,6.485993497765968
2026-01-08,4.041181987754818
2026-01-09,-1.1450015334159431
2026-01-10,28.9444751513864
2026-01-11,22.359591469890855
2026-01-12,1.5808385297374627
2026-01-13,-7.901567607274885
2026-01-14,-1.5833087191127717
2026-01-15,-0.3304196646136006
2026-01-16,7.592054487700661
2026-01-17,24.224438799368535
2026-01-18,18.842664146036697
2026-01-19,-0.23470589938728637
2026-01-20,-11.05072798670328
2026-01-21,-17.214618603985734
2026-01-22,0.17737155806035076
2026-01-23,-2.7978179333714763
2026-01-24,24.231063278259903
2026-01-25,2.6056335589306485
2026-01-26,-5.075101071850575
2026-01-27,0.8196557892755436
2026-01-28,-4.874646765426753
2026-01-29,-7.366160593992213
2026-01-30,-34.871753101469096
2026-01-31,-48.582339865063446
2026-02-01,-20.96149031203486
2026-02-02,-45.647116766460165
2026-02-03,-27.55597125687209
2026-02-04,-35.17777543845371
2026-02-05,-57.54570044956273
2026-02-06,-70.80145893565302
2026-02-07,-19.792870065679644
2026-02-08,-4.832195155888243
2026-02-09,-17.710606971752107
2026-02-10,-8.936841080721535
2026-02-11,-18.47117288512346
2026-02-12,-10.290989653802342
2026-02-13,-7.838928855118212
2026-02-14,11.326316243830604
2026-02-15,2.496976897883272
2026-02-16,1.5439393758252322
2026-02-17,-4.360807043279209
2026-02-18,1.7453757282241469
2026-02-19,3.6874012325004983
2026-02-20,-10.606130678987817
2026-02-21,24.463883807370966
2026-02-22,27.110574399298102
2026-02-23,-5.660107975071597
2026-02-24,-5.931085947354461
2026-02-25,-15.253454818092607
2026-02-26,-6.326118503936883
2026-02-27,-2.7313348293935036
2026-02-28,-12.694130961817443
2026-03-01,-12.551414686188103
2026-03-02,-18.178659013227524
2026-03-03,-13.054729868461052
2026-03-04,-17.00263597909158
2026-03-05,-5.76112887941931
2026-03-06,-0.32639005229986395
2026-03-07,27.008105729480132
2026-03-08,9.677038521288928
2026-03-09,-7.591268780754959
2026-03-10,-9.442818843237127
2026-03-11,-2.5491802745454137
2026-03-12,4.417347291086799
2026-03-13,-4.613748346477543
2026-03-14,27.024448315006882
2026-03-15,14.72913409718307
2026-03-16,-3.91262658350292
2026-03-17,-0.7213485547513514
2026-03-18,6.96712462986622
2026-03-19,0.8900836630078643
2026-03-20,4.698298271884823
2026-03-21,27.428381853745186
2026-03-22,13.160141203974916
2026-03-23,-22.888796616452623
2026-03-24,3.3324505508482716
2026-03-25,6.488334410107193
2026-03-26,5.194953895159038
2026-03-27,5.301453878358075
2026-03-28,25.020194637081225
2026-03-29,16.2546020828867
2026-03-30,6.0052234347343045
2026-03-31,-2.9021903754493152
2026-04-01,7.295855229897413
2026-04-02,2.439717070403141
2026-04-03,19.16691478595437
2026-04-04,30.60241973965936
2026-04-05,17.72217524089253
2026-04-06,6.948336984969224
2026-04-07,-6.500199891470871
2026-04-08,2.023052521706454
2026-04-09,-2.0594490087572055
2026-04-10,4.212935802686758
2026-04-11,17.885405893802975
2026-04-12,6.12711199401555
2026-04-13,-3.27880140026344
2026-04-14,0.5300434246050969
2026-04-15,2.506311639109036
2026-04-16,-2.2298816062488953
2026-04-17,-7.736063018574654
2026-04-18,15.21771369073847
2026-04-19,4.803194332909051
2026-04-20,-2.8268060097890313
2026-04-21,-1.047527359363663
2026-04-22,1.5694540565538162
2026-04-23,0.1916912693565962
2026-04-24,6.45271425937176
2026-04-25,25.787825743106215
2026-04-26,8.56471501280241
2026-04-27,4.472284507455491
2026-04-28,12.499334845624904
2026-04-29,2.0053660760403105
2026-04-30,6.2487796947031455
2026-05-01,5.169584468119453
2026-05-02,17.897232639336355
2026-05-03,16.050540863521555
2026-05-04,-9.719275853568654
2026-05-05,6.756822790050208
2026-05-06,5.136756390796826
2026-05-07,6.665840650734147
2026-05-08,6.530382098498865
2026-05-09,21.952135702334946
2026-05-10,9.915939474498316
2026-05-11,4.835887969690823
2026-05-12,10.000736931558766
2026-05-13,12.068695713603688
2026-05-14,3.8928435073451624
2026-05-15,4.574968987506814
2026-05-16,17.20775779086642
2026-05-17,8.622245940134942
2026-05-18,-2.9131638141135596
2026-05-19,8.938878556301855
2026-05-20,5.760143043331482
2026-05-21,2.7792206361313205
2026-05-22,3.7830079617566597
2026-05-23,0.5691383816128095
2026-05-24,5.85199040036656
2026-05-25,10.073954189559494
2026-05-26,0.637112283373618
2026-05-27,3.0768829173570253
2026-05-28,-4.746594923654264
2026-05-29,0.8175199877943342
2026-05-30,17.590723624898473
2026-05-31,14.777460296187023
2026-06-01,-3.6301811629773937
2026-06-02,-14.238101198964138
2026-06-03,-17.36833598101766
2026-06-04,-39.98212731558198
2026-06-05,-52.899177502887326
2026-06-06,-11.39602303657935
2026-06-07,-17.8512631547406
2026-06-08,-14.439580824746585
2026-06-09,-7.340875218979214
2026-06-10,-13.324540262218086
2026-06-11,-6.598416565868604
2026-06-12,-0.9980002644188346
2026-06-13,16.209800730339925
2026-06-14,1.6471897183992965
2026-06-15,2.1791376871585157
2026-06-16,-1.4878029142018434
2026-06-17,-15.890053461537505
2026-06-18,-0.3303900633682062
2026-06-19,3.9645519148036854
2026-06-20,9.69538235631246
2026-06-21,13.283186514700162
2026-06-22,-3.7503009949687396
2026-06-23,1.4317481843854551
2026-06-24,-12.110737955597841
2026-06-25,-25.86234935004333
2026-06-26,-22.102543138035514
2026-06-27,15.898665271085896
2026-06-28,11.979729470080528
2026-06-29,-14.097989304875902
2026-06-30,-0.5058323298623222
2026-07-01,-8.399704027615151
2026-07-02,-10.21557727099097
2026-07-03,4.6820420214855645
2026-07-04,12.037519631081476
2026-07-05,11.145433716210931
2026-07-06,-15.424635595640503
2026-07-07,-4.511347909189027
2026-07-08,-3.0034074130298904
2026-07-09,-3.9294878134487092
2026-07-10,-0.4208890454235572
2026-07-11,16.393854924303625
2026-07-12,14.67843587481018
2026-07-13,-2.0160109915921822
2026-07-14,-6.362476896789303
2026-07-15,0.5904387728307583
2026-07-16,3.5193775788020645
2026-07-17,1.0301363054984805
2026-07-18,19.146886185900545
2026-07-19,14.339914009525948
2026-07-20,-4.118803991245954
2026-07-21,5.395756099712536
2026-07-22,7.322246533389279
2026-07-23,10.445098290327405
2026-07-24,7.420253957943448
2026-07-25,23.846128335801353
2026-07-26,18.729495738816976
2026-07-27,-0.10950352975615374
2026-07-28,3.6822714992078573
2026-07-29,-3.6495605807088154
2026-07-30,7.104583460771515
2026-07-31,3.2301518439977173
