week,ic,k
2020-12-28,,0
2021-01-04,,0
2021-01-11,,0
2021-01-18,,0
2021-01-25,,0
2021-02-01,,0
2021-02-08,,0
2021-02-15,,0
2021-02-22,,5
2021-03-01,,5
2021-03-08,,5
2021-03-15,,5
2021-03-22,,5
2021-03-29,,5
2021-04-05,,5
2021-04-12,,5
2021-04-19,,5
2021-04-26,,5
2021-05-03,,5
2021-05-10,,8
2021-05-17,,8
2021-05-24,,8
2021-05-31,,8
2021-06-07,,8
2021-06-14,,8
2021-06-21,,8
2021-06-28,,8
2021-07-05,0.0303030303,10
2021-07-12,0.4666666667,10
2021-07-19,-0.4060606061,10
2021-07-26,-0.2090909091,11
2021-08-02,-0.6909090909,11
2021-08-09,-0.3181818182,11
2021-08-16,-0.2090909091,11
2021-08-23,-0.4461538462,14
2021-08-30,0.2043956044,14
2021-09-06,-0.2659340659,14
2021-09-13,0.0417582418,14
2021-09-20,-0.1340659341,14
2021-09-27,-0.0725274725,14
2021-10-04,0.3582417582,14
2021-10-11,0.1648351648,14
2021-10-18,0.3054945055,14
2021-10-25,0.3087719298,19
2021-11-01,-0.2877192982,19
2021-11-08,0.1818181818,21
2021-11-15,-0.0365612648,23
2021-11-22,0.1462450593,23
2021-11-29,0.1472332016,23
2021-12-06,0.0322128852,35
2021-12-13,-0.477992278,36
2021-12-20,0.1460983713,42
2021-12-27,0.2405919662,44
2022-01-03,0.0881152461,50
2022-01-10,-0.0960471271,52
2022-01-17,-0.3824444213,66
2022-01-24,-0.3470788705,79
2022-01-31,0.3168923062,86
2022-02-07,-0.0217776613,92
2022-02-14,0.3085720478,94
2022-02-21,-0.0044628323,96
2022-02-28,0.1119604205,99
2022-03-07,-0.1213767365,105
2022-03-14,-0.3443739101,107
2022-03-21,0.0886539137,111
2022-03-28,-0.4257195507,111
2022-04-04,-0.0054141804,111
2022-04-11,-0.0377653279,115
2022-04-18,0.2727897771,120
2022-04-25,0.0640021677,121
2022-05-02,0.176764666,121
2022-05-09,-0.2281664792,126
2022-05-16,0.2358117174,129
2022-05-23,-0.0270287999,136
2022-05-30,0.324354399,142
2022-06-06,-0.1136120296,145
2022-06-13,-0.3385874928,150
2022-06-20,-0.1517267067,152
2022-06-27,-0.1074627587,155
2022-07-04,-0.1294062794,156
2022-07-11,-0.1095207344,157
2022-07-18,-0.0118793536,158
2022-07-25,-0.1411778238,161
2022-08-01,-0.2674574565,164
2022-08-08,-0.2706488927,165
2022-08-15,0.1105067721,165
2022-08-22,-0.2789752012,166
2022-08-29,-0.0455132157,166
2022-09-05,0.1147195204,166
2022-09-12,-0.0585439804,168
2022-09-19,-0.1287804779,168
2022-09-26,-0.0676663399,171
2022-10-03,0.1500203998,171
2022-10-10,0.0035422607,172
2022-10-17,-0.1846095369,173
2022-10-24,0.0413273395,176
2022-10-31,0.1029587995,177
2022-11-07,-0.2022073741,177
2022-11-14,-0.1510326899,176
2022-11-21,-0.0833452754,175
2022-11-28,0.0824272279,175
2022-12-05,0.1746822166,176
2022-12-12,0.1612453479,177
2022-12-19,0.2278430882,177
2022-12-26,-0.3674386697,177
2023-01-02,-0.1757699308,177
2023-01-09,0.129191673,178
2023-01-16,0.1441396105,178
2023-01-23,-0.0811625133,178
2023-01-30,-0.2280242125,178
2023-02-06,0.0560416797,179
2023-02-13,-0.077781265,179
2023-02-20,-0.2989140669,179
2023-02-27,-0.2695782792,180
2023-03-06,-0.0315441835,180
2023-03-13,-0.042556869,180
2023-03-20,-0.1052398737,180
2023-03-27,-0.2261645041,180
2023-04-03,-0.135557011,184
2023-04-10,-0.0567321706,188
2023-04-17,0.1116990614,192
2023-04-24,0.1533834895,194
2023-05-01,0.291990533,196
2023-05-08,-0.1441564429,199
2023-05-15,0.0166346485,202
2023-05-22,0.0645602519,203
2023-05-29,0.3011535989,202
2023-06-05,-0.2066244449,202
2023-06-12,-0.4052204699,203
2023-06-19,0.1281090343,203
2023-06-26,-0.0298963337,206
2023-07-03,-0.0971910209,206
2023-07-10,-0.0385027604,206
2023-07-17,0.1083749755,208
2023-07-24,-0.1127162682,209
2023-07-31,-0.1134572901,213
2023-08-07,-0.0354385172,213
2023-08-14,0.1709922215,214
2023-08-21,0.1541278636,216
2023-08-28,0.038651923,218
2023-09-04,-0.0822144629,218
2023-09-11,-0.0460962965,218
2023-09-18,-0.0328660211,221
2023-09-25,-0.2924304446,226
2023-10-02,-0.0554173376,230
2023-10-09,0.038337633,235
2023-10-16,-0.1803970522,235
2023-10-23,-0.0017976366,238
2023-10-30,-0.0128827887,241
2023-11-06,-0.0249804684,240
2023-11-13,-0.0861428739,242
2023-11-20,-0.0542848325,242
2023-11-27,-0.0487152078,245
2023-12-04,0.065627583,252
2023-12-11,0.1506148194,253
2023-12-18,-0.2405110878,258
2023-12-25,-0.1936534563,262
2024-01-01,0.0707640694,262
2024-01-08,-0.1997846368,267
2024-01-15,-0.0313814143,272
2024-01-22,0.122884662,276
2024-01-29,-0.1383439383,278
2024-02-05,-0.0504835156,280
2024-02-12,0.0385850577,281
2024-02-19,-0.0990237501,284
2024-02-26,0.1837502677,286
2024-03-04,-0.0477474761,287
2024-03-11,-0.1525805971,292
2024-03-18,0.0346309706,294
2024-03-25,-0.0556041093,297
2024-04-01,0.1977953357,299
2024-04-08,-0.416963929,299
2024-04-15,0.0033051709,304
2024-04-22,-0.1860333774,306
2024-04-29,0.2028238673,308
2024-05-06,-0.1104247902,313
2024-05-13,-0.2350575877,317
2024-05-20,-0.0823250227,320
2024-05-27,-0.0648702445,325
2024-06-03,-0.0065429859,326
2024-06-10,-0.0213335445,329
2024-06-17,-0.0973149463,339
2024-06-24,0.2583921192,340
2024-07-01,-0.0800791422,345
2024-07-08,-0.3158612712,352
2024-07-15,-0.05121431,357
2024-07-22,0.1097937557,361
2024-07-29,0.0675857658,365
2024-08-05,-0.1943292444,369
2024-08-12,-0.4141820605,373
2024-08-19,0.134158293,377
2024-08-26,-0.1277509552,377
2024-09-02,-0.0648098955,379
2024-09-09,-0.0880460226,384
2024-09-16,-0.2696279252,386
2024-09-23,-0.0894400965,382
2024-09-30,0.082911393,387
2024-10-07,-0.0980142605,388
2024-10-14,-0.0764567404,391
2024-10-21,0.0601893332,393
2024-10-28,-0.1342649212,396
2024-11-04,-0.0098794275,396
2024-11-11,-0.1781038159,401
2024-11-18,-0.0485774088,403
2024-11-25,0.0500757534,407
2024-12-02,0.0506145116,410
2024-12-09,-0.049029731,415
2024-12-16,0.0279887291,419
2024-12-23,-0.2526022253,419
2024-12-30,0.2498208087,419
2025-01-06,0.0876116204,427
2025-01-13,0.2869374618,435
2025-01-20,0.391477296,442
2025-01-27,0.1632843429,443
2025-02-03,-0.054702381,449
2025-02-10,-0.052723619,457
2025-02-17,-0.1982742529,459
2025-02-24,0.2241631237,460
2025-03-03,-0.1917051792,466
2025-03-10,-0.217406771,474
2025-03-17,0.17843669,477
2025-03-24,0.3618545619,475
2025-03-31,0.0085089521,478
2025-04-07,-0.2482507927,484
2025-04-14,-0.3261457521,483
2025-04-21,-0.0485343888,483
2025-04-28,0.0059190095,481
2025-05-05,-0.0837037595,486
2025-05-12,-0.014919509,490
2025-05-19,-0.0652449579,492
2025-05-26,-0.0421791724,494
2025-06-02,0.228993118,496
2025-06-09,0.3434650063,500
2025-06-16,-0.383611925,504
2025-06-23,0.0479919709,514
2025-06-30,-0.1942156264,515
2025-07-07,0.0299865186,514
2025-07-14,-0.1347929923,517
2025-07-21,-0.1948884553,520
2025-07-28,0.0444600905,521
2025-08-04,0.0487567139,523
2025-08-11,0.0119363031,526
2025-08-18,0.0689775949,527
2025-08-25,-0.1126874799,528
2025-09-01,-0.315309209,530
2025-09-08,0.0339454701,535
2025-09-15,0.0759441179,545
2025-09-22,0.0700679193,556
2025-09-29,0.1705546576,561
2025-10-06,-0.0598254419,556
2025-10-13,-0.070886936,558
2025-10-20,0.129503702,546
2025-10-27,0.0197611676,547
2025-11-03,0.239292011,550
2025-11-10,-8.66288e-05,559
2025-11-17,-0.1262446493,563
2025-11-24,0.0153900707,571
2025-12-01,0.1629995081,575
2025-12-08,0.0789334997,581
2025-12-15,-0.2352517561,584
2025-12-22,-0.2568464352,590
2025-12-29,-0.1283234327,589
2026-01-05,-0.1813592961,592
2026-01-12,-0.1647335085,594
2026-01-19,0.1038541625,597
2026-01-26,0.1510709501,596
2026-02-02,-0.1487409054,595
2026-02-09,0.2036952025,592
2026-02-16,0.0303442319,590
2026-02-23,-0.0721985799,593
2026-03-02,-0.0974209539,594
2026-03-09,0.0695286995,589
2026-03-16,0.0875050988,603
2026-03-23,-0.0606921133,602
2026-03-30,-0.0927277193,600
2026-04-06,-0.1536413403,598
2026-04-13,0.0046708726,593
2026-04-20,0.0218090795,590
2026-04-27,-0.0727848758,589
2026-05-04,-0.3043493571,586
2026-05-11,-0.0404913442,593
2026-05-18,-0.0308071663,593
2026-05-25,0.1041656936,596
2026-06-01,-0.1761063235,593
2026-06-08,0.1139316397,592
2026-06-15,0.1679500076,592
2026-06-22,-0.1308963749,602
2026-06-29,0.0140260634,606
2026-07-06,0.0495670771,618
2026-07-13,-0.1138310453,622
2026-07-20,0.1635096494,625
2026-07-27,-0.1053993069,633
2026-08-03,0.0062210506,638
2026-08-10,-0.310531923,643
2026-08-17,-0.1509605906,657
2026-08-24,0.1092108188,668
2026-08-31,-0.0651165864,681
2026-09-07,0.1801531944,701
