week,sigma_xs,sigma_ls
2020-12-28,,
2021-01-04,,
2021-01-11,,
2021-01-18,,
2021-01-25,,
2021-02-01,,
2021-02-08,,
2021-02-15,,
2021-02-22,0.066970866,
2021-03-01,0.0346767326,
2021-03-08,0.0857696986,
2021-03-15,0.0598386654,
2021-03-22,0.0387932198,
2021-03-29,0.0563978302,
2021-04-05,0.088482538,
2021-04-12,0.1654040718,
2021-04-19,0.0718995876,
2021-04-26,0.0421344092,
2021-05-03,0.1425493318,
2021-05-10,0.1880850431,
2021-05-17,0.1754453009,
2021-05-24,0.0771850076,
2021-05-31,0.0693676693,
2021-06-07,0.0770043602,
2021-06-14,0.0150242042,
2021-06-21,0.0864189283,
2021-06-28,0.0476410546,
2021-07-05,0.0543260564,-0.1853516296
2021-07-12,0.0415412284,-0.0904357426
2021-07-19,0.0485157024,-0.0046419199
2021-07-26,0.088985243,-0.1735115282
2021-08-02,0.0419607212,0.0673847871
2021-08-09,0.1368813994,0.1386687094
2021-08-16,0.0944086211,0.0225744315
2021-08-23,0.1387036206,0.0081970695
2021-08-30,0.1283936567,-0.1703964907
2021-09-06,0.1353452807,-0.1024825607
2021-09-13,0.0407908104,-0.0978951789
2021-09-20,0.0931195919,-0.3125720039
2021-09-27,0.0697393923,0.0902706897
2021-10-04,0.0848392976,0.0259443567
2021-10-11,0.0814991783,0.0178516679
2021-10-18,0.0513742451,0.0036133476
2021-10-25,0.0519387237,0.0075807432
2021-11-01,0.072422932,0.1823806047
2021-11-08,0.0993267964,0.0177789355
2021-11-15,0.1009428401,0.0577443224
2021-11-22,0.0655722522,0.0791028938
2021-11-29,0.0968197158,0.0316746121
2021-12-06,0.0837750143,0.1441673825
2021-12-13,0.0749695743,0.0621156103
2021-12-20,0.1285345854,-0.0213303378
2021-12-27,0.0634741042,0.0406724458
2022-01-03,0.1181020403,-0.0167248984
2022-01-10,0.1016125164,-0.083268734
2022-01-17,0.0983742318,-0.0104978067
2022-01-24,0.1028593003,0.0344911049
2022-01-31,0.0806306812,-0.0072897038
2022-02-07,0.1331426975,-0.0417379418
2022-02-14,0.0683484094,-0.0019418928
2022-02-21,0.071632534,-0.0055573677
2022-02-28,0.084930136,-0.0392008623
2022-03-07,0.0949014838,-0.0333590112
2022-03-14,0.1121557826,0.0624502742
2022-03-21,0.1022119177,-0.0703700742
2022-03-28,0.0978960329,-0.0307441868
2022-04-04,0.1001418611,0.061654449
2022-04-11,0.0610820796,0.0286147385
2022-04-18,0.069865723,0.0099723983
2022-04-25,0.0978605805,-0.0146393309
2022-05-02,0.094573214,-0.0863315381
2022-05-09,0.1600095697,-0.0265563253
2022-05-16,0.1095536644,0.043450608
2022-05-23,0.0937266694,0.0036492792
2022-05-30,0.0906986317,-0.022247261
2022-06-06,0.1036563313,-0.0169000968
2022-06-13,0.1342606241,0.1068410314
2022-06-20,0.1040849631,0.0704255306
2022-06-27,0.0828542159,-0.0185475801
2022-07-04,0.0764142335,0.0355363578
2022-07-11,0.070625464,0.0192722778
2022-07-18,0.0816199809,0.0197108129
2022-07-25,0.1007655366,0.0011275297
2022-08-01,0.0687696505,0.0245663385
2022-08-08,0.0864535626,0.0046028792
2022-08-15,0.0739364898,-0.0131882108
2022-08-22,0.0650879625,-0.0080719869
2022-08-29,0.0856121377,-0.0277982496
2022-09-05,0.1032577967,-0.0007118431
2022-09-12,0.0890167839,0.0433080887
2022-09-19,0.076056718,0.0382870574
2022-09-26,0.0603097018,-0.0068551825
2022-10-03,0.0619461195,0.0198600808
2022-10-10,0.0711181758,-0.0328872171
2022-10-17,0.0644599363,-0.011672748
2022-10-24,0.0972015184,-0.040292226
2022-10-31,0.1125391639,-0.0534588645
2022-11-07,0.243896031,-0.0941071827
2022-11-14,0.0849138647,0.0437108725
2022-11-21,0.0780132381,-0.0095874233
2022-11-28,0.0609047879,-0.008930483
2022-12-05,0.0636624017,-0.0063083453
2022-12-12,0.0646156886,0.0329449422
2022-12-19,0.062662676,0.00964539
2022-12-26,0.0676138607,0.0256066242
2023-01-02,0.0937446256,0.0251654227
2023-01-09,0.1032905565,0.0070838207
2023-01-16,0.0742252672,0.0054228617
2023-01-23,0.094629089,0.0792717744
2023-01-30,0.102835269,0.045758907
2023-02-06,0.1070162762,0.0529153318
2023-02-13,0.1113412524,0.0696433564
2023-02-20,0.102436156,0.045799187
2023-02-27,0.080982078,-0.0021960619
2023-03-06,0.0641799236,0.0151098586
2023-03-13,0.1153373942,-0.0306384551
2023-03-20,0.0666747699,0.0074650431
2023-03-27,0.0934952801,0.0111614609
2023-04-03,0.0581320655,-0.0135656921
2023-04-10,0.0864525933,0.0003259344
2023-04-17,0.0712858841,0.0366620628
2023-04-24,0.053436488,0.0300758678
2023-05-01,0.0638206468,-0.0058340262
2023-05-08,0.0746073988,-0.0394899659
2023-05-15,0.0529733175,0.0111773582
2023-05-22,0.0713863975,0.0082627725
2023-05-29,0.0638264799,0.0194849021
2023-06-05,0.1135433633,0.0179183703
2023-06-12,0.0577637366,0.0209509236
2023-06-19,0.0803266905,0.0036144437
2023-06-26,0.0963343317,-0.0174286354
2023-07-03,0.0603143648,-0.000355017
2023-07-10,0.079530542,0.0197220615
2023-07-17,0.0727135985,0.0080491325
2023-07-24,0.0535725157,0.0050350448
2023-07-31,0.1018383494,0.0431649671
2023-08-07,0.0920144712,0.0110569644
2023-08-14,0.0806201348,-0.0022682629
2023-08-21,0.0738619365,0.0313161451
2023-08-28,0.0836757078,-0.0505118573
2023-09-04,0.0788237629,-0.0097528108
2023-09-11,0.0617830738,-0.0166113058
2023-09-18,0.0975716436,0.0180505324
2023-09-25,0.0783963804,0.0233983901
2023-10-02,0.0764672976,0.0213790159
2023-10-09,0.0579034282,-0.0275100002
2023-10-16,0.08741739,0.0243297226
2023-10-23,0.1017120185,0.0044285418
2023-10-30,0.1024879474,0.0210176432
2023-11-06,0.1587889106,-0.0357601967
2023-11-13,0.1077166618,0.0293875422
2023-11-20,0.0933083517,-0.0273022038
2023-11-27,0.1015114245,-0.0162122613
2023-12-04,0.141299966,0.0166264247
2023-12-11,0.1430259836,-0.0399609773
2023-12-18,0.1508833535,0.0190831917
2023-12-25,0.1185653863,-0.0041041739
2024-01-01,0.1502904641,0.088013911
2024-01-08,0.0927278361,0.0001943092
2024-01-15,0.1112590561,0.0022700487
2024-01-22,0.0823132225,0.0138563285
2024-01-29,0.0960971543,-0.0249508349
2024-02-05,0.0933109238,0.0050268641
2024-02-12,0.1327872599,0.009413923
2024-02-19,0.1454699142,0.0275319712
2024-02-26,0.1949774079,-0.0341733482
2024-03-04,0.1451140446,0.0137437353
2024-03-11,0.1651395092,0.0445414872
2024-03-18,0.1251182781,0.0299955722
2024-03-25,0.1328604198,0.0088816267
2024-04-01,0.0994846986,-0.0090310444
2024-04-08,0.1346616055,0.0261601058
2024-04-15,0.0796518976,0.0247033979
2024-04-22,0.0816908385,0.0062090449
2024-04-29,0.0751899267,0.00080581
2024-05-06,0.0887601808,0.009578178
2024-05-13,0.0847593851,0.0216217764
2024-05-20,0.1305920239,-0.0461881196
2024-05-27,0.0985808796,-0.0037344879
2024-06-03,0.1076828479,-0.0409048172
2024-06-10,0.1012646318,-0.0209570521
2024-06-17,0.1015444812,-0.0096849838
2024-06-24,0.0871817898,-0.0275431966
2024-07-01,0.0947764906,-0.0109325613
2024-07-08,0.0716946592,-0.0186186354
2024-07-15,0.1160270936,0.0574079788
2024-07-22,0.089953389,0.0014048584
2024-07-29,0.1095777306,0.0081716235
2024-08-05,0.1071007042,-0.0377551914
2024-08-12,0.1069667314,0.0119032802
2024-08-19,0.1326224613,-0.0127826371
2024-08-26,0.0991927719,0.0139858779
2024-09-02,0.082475373,-0.0135316442
2024-09-09,0.0982413497,0.0089557042
2024-09-16,0.1018075883,0.0398211497
2024-09-23,0.0986015699,0.0056277602
2024-09-30,0.0918385415,-0.0534458516
2024-10-07,0.1162621605,0.0080666422
2024-10-14,0.1117935634,0.0117254227
2024-10-21,0.0912014607,-0.0019643563
2024-10-28,0.0761531687,0.0320802904
2024-11-04,0.1268362353,-0.0045617481
2024-11-11,0.1659070738,0.041333828
2024-11-18,0.1780880794,0.0036023778
2024-11-25,0.1396530701,-0.0296165925
2024-12-02,0.1331850772,-0.075398407
2024-12-09,0.1147653446,-0.0246021873
2024-12-16,0.1478457832,-0.052253162
2024-12-23,0.1152062946,0.0007965996
2024-12-30,0.0882463467,0.0035021131
2025-01-06,0.1018075195,-0.0042782176
2025-01-13,0.1453733326,-0.0317548756
2025-01-20,0.1385982524,-0.0194540263
2025-01-27,0.1342972997,0.0125279936
2025-02-03,0.1159722795,-0.0168480917
2025-02-10,0.1080595458,0.0311415766
2025-02-17,0.117162834,0.0110645999
2025-02-24,0.1073073378,-0.005581759
2025-03-03,0.163754752,-0.0092035923
2025-03-10,0.1171608831,-0.0001895336
2025-03-17,0.1264891241,-0.0495304427
2025-03-24,0.0963719899,-0.0153789788
2025-03-31,0.1455665025,-0.0453107867
2025-04-07,0.2251531507,0.0516269662
2025-04-14,0.1522473044,0.0488016147
2025-04-21,0.1859605567,0.0153814491
2025-04-28,0.1126810357,0.0043167354
2025-05-05,0.1939383014,0.0666898691
2025-05-12,0.1028428095,0.010357986
2025-05-19,0.0980523068,-0.0401068588
2025-05-26,0.1089202861,0.0183883549
2025-06-02,0.0816175684,-0.0021032964
2025-06-09,0.1334579144,-0.0154707681
2025-06-16,0.107521126,-0.0096970609
2025-06-23,0.0982290876,0.0287036225
2025-06-30,0.1029731351,-0.007602817
2025-07-07,0.1386890766,-0.0022202755
2025-07-14,0.1132829995,0.0096562211
2025-07-21,0.1249119282,0.0116550215
2025-07-28,0.0914888223,0.0149005265
2025-08-04,0.1126084905,0.0089978939
2025-08-11,0.1190307474,0.0246008932
2025-08-18,0.1102117081,-0.0053336695
2025-08-25,0.098861123,0.0175126106
2025-09-01,0.1054505212,-0.0176140259
2025-09-08,0.152440573,-0.0230199361
2025-09-15,0.1371364049,-0.0204310815
2025-09-22,0.1339795651,0.0416124318
2025-09-29,0.1365129818,0.0198520639
2025-10-06,0.2239423673,-0.0275756681
2025-10-13,0.1105966827,0.0142121063
2025-10-20,0.1416995942,-0.0112527791
2025-10-27,0.1232113592,-0.0151226544
2025-11-03,0.149590145,-0.0055936197
2025-11-10,0.1631897947,-0.0275479604
2025-11-17,0.1453746915,0.0139665625
2025-11-24,0.1566273665,-0.0669052235
2025-12-01,0.1226901261,-0.0143889414
2025-12-08,0.1172385452,0.024310375
2025-12-15,0.1211213805,0.0272400723
2025-12-22,0.1080677359,-0.0361101888
2025-12-29,0.1238945847,-0.055497986
2026-01-05,0.1096645615,0.008767252
2026-01-12,0.1299623484,-0.0140046868
2026-01-19,0.1341747758,0.0713815252
2026-01-26,0.1523658767,-0.0101445869
2026-02-02,0.1351283792,-0.0420049745
2026-02-09,0.1264494631,-0.0241794824
2026-02-16,0.1163046423,-0.0198217467
2026-02-23,0.1318622082,-0.0227132612
2026-03-02,0.158538061,-0.0217476259
2026-03-09,0.1233572003,-0.0399576355
2026-03-16,0.155980005,0.0191622194
2026-03-23,0.1494336716,-0.0189825006
2026-03-30,0.1374473692,0.0206058168
2026-04-06,0.1910954493,0.0356820932
2026-04-13,0.2125094832,-0.0166827984
2026-04-20,0.112808341,-0.0127298853
2026-04-27,0.1401328767,-0.0169564837
2026-05-04,0.1324320832,0.0146670641
2026-05-11,0.1315258352,-0.0054302227
2026-05-18,0.1119133401,-0.017384638
2026-05-25,0.1931783886,0.0307062546
2026-06-01,0.1872998201,-0.0168190966
2026-06-08,0.1874691436,0.0185678654
2026-06-15,0.1405608241,-0.0281057395
2026-06-22,0.1437844043,0.0339948706
2026-06-29,0.1271532941,-0.0105270977
2026-07-06,0.2108992192,0.0180315827
2026-07-13,0.1714994594,-0.0184912068
2026-07-20,0.1376154558,0.0283679666
2026-07-27,0.1461780668,0.0198268073
2026-08-03,0.1809322943,0.0184997062
2026-08-10,0.1761455022,0.0390925958
2026-08-17,0.1874711012,0.0137410016
2026-08-24,0.1615009116,0.0030193589
2026-08-31,0.144426658,-0.0089432075
2026-09-07,0.137338075,-0.0059605347
2026-09-14,0.0416190465,-0.0064480189
