symbol,strategy,entry_ts,exit_ts,side,entry_price,exit_price,quantity,raw_pnl,entry_fee,exit_fee,pnl_net,pnl_bps
BNBUSDT,S2,1780500201148,1780500209271,Long,635.42706,635.47288,1.0,0.04582000000004882,0.0,0.0,0.04582000000004882,0.7210898446794006
BNBUSDT,S2,1780500500743,1780500503241,Long,638.5276799999999,638.57226,1.0,0.044580000000109976,0.0,0.0,0.044580000000109976,0.6981686369510243
BNBUSDT,S2,1780504441913,1780504454214,Long,622.8245400000001,622.7754199999999,1.0,-0.04912000000012995,0.0,0.0,-0.04912000000012995,-0.7886651351298705
BNBUSDT,S2,1780504629521,1780504633224,Long,624.02478,624.0751600000001,1.0,0.050380000000131986,0.0,0.0,0.050380000000131986,0.807339734171005
BNBUSDT,S2,1780507423643,1780507430219,Long,624.1247999999999,623.8752000000001,1.0,-0.24959999999987303,0.0,0.0,-0.24959999999987303,-3.999200159965972
BNBUSDT,S2,1780509605566,1780509608308,Long,626.92536,626.77462,1.0,-0.15073999999992793,0.0,0.0,-0.15073999999992793,-2.4044329615239675
BNBUSDT,S2,1780596969599,1780596971798,Long,603.1206,602.8794,1.0,-0.24119999999993524,0.0,0.0,-0.24119999999993524,-3.9992001599669327
BNBUSDT,S2,1780607408199,1780607414198,Long,606.8213400000001,606.57866,1.0,-0.24268000000006396,0.0,0.0,-0.24268000000006396,-3.9992001599690603
BNBUSDT,S2,1780607419798,1780607425198,Long,606.8213400000001,606.77862,1.0,-0.04272000000003118,0.0,0.0,-0.04272000000003118,-0.7039963360555377
BNBUSDT,S2,1780607426198,1780607432698,Long,607.0213799999999,606.77862,1.0,-0.24275999999986198,0.0,0.0,-0.24275999999986198,-3.999200159965733
BNBUSDT,S2,1780607700999,1780607706899,Long,606.32124,606.0787600000001,1.0,-0.24247999999988679,0.0,0.0,-0.24247999999988679,-3.999200159966139
BNBUSDT,S2,1780607810999,1780607823999,Long,606.22122,606.27872,1.0,0.05750000000000455,0.0,0.0,0.05750000000000455,0.948498635531177
BNBUSDT,S2,1780608325198,1780608344099,Long,603.22062,603.3793000000001,1.0,0.15868000000000393,0.0,0.0,0.15868000000000393,2.6305466812458085
BNBUSDT,S2,1780608389698,1780608401098,Long,603.52068,603.47928,1.0,-0.04139999999995325,0.0,0.0,-0.04139999999995325,-0.6859748368515434
BNBUSDT,S2,1780608419198,1780608429898,Long,604.32084,603.6792399999999,1.0,-0.6416000000000395,0.0,0.0,-0.6416000000000395,-10.616876955625747
BNBUSDT,S2,1780608656998,1780608659298,Long,602.3204400000001,601.97958,1.0,-0.3408600000000206,0.0,0.0,-0.3408600000000206,-5.6591139427381965
BNBUSDT,S2,1780608807898,1780608811098,Long,602.9205599999999,602.57946,1.0,-0.3410999999998694,0.0,0.0,-0.3410999999998694,-5.657461739235919
BNBUSDT,S2,1780609426198,1780609436698,Long,599.6199,599.28012,1.0,-0.33978000000001884,0.0,0.0,-0.33978000000001884,-5.666589784628876
BNBUSDT,S2,1780609441099,1780609448998,Long,599.71992,599.3801,1.0,-0.33982000000003154,0.0,0.0,-0.33982000000003154,-5.666311700969205
BNBUSDT,S2,1780623024198,1780623027298,Long,601.92036,602.07956,1.0,0.1592000000000553,0.0,0.0,0.1592000000000553,2.6448681682748747
BNBUSDT,S2,1780624812898,1780624816098,Long,602.3204400000001,602.2795199999999,1.0,-0.040920000000141954,0.0,0.0,-0.040920000000141954,-0.6793725944306646
BNBUSDT,S2,1780633322198,1780633326898,Long,594.6188999999999,594.3811000000001,1.0,-0.23779999999987922,0.0,0.0,-0.23779999999987922,-3.9992001599659757
BNBUSDT,S2,1780633545998,1780633634398,Long,596.71932,597.4804800000001,1.0,0.761160000000018,0.0,0.0,0.761160000000018,12.755745867253268
BNBUSDT,S2,1780640875398,1780640880598,Long,576.21522,575.68484,1.0,-0.5303800000000365,0.0,0.0,-0.5303800000000365,-9.204546870525851
BNBUSDT,S2,1780642791298,1780642800898,Long,579.9159599999999,580.08396,1.0,0.16800000000012005,0.0,0.0,0.16800000000012005,2.896971485318667
BNBUSDT,S2,1780644188698,1780644199498,Long,580.01598,580.28392,1.0,0.2679399999999532,0.0,0.0,0.2679399999999532,4.619527896454736
BNBUSDT,S3,1780500605601,1780500814134,Long,637.92756,635.5728600000001,1.0,-2.354699999999866,0.35086015800000003,0.34956507300000006,-3.055125230999866,-47.891413109661954
BNBUSDT,S3,1780500815369,1780501435944,Long,635.72712,636.17274,1.0,0.4456199999999626,0.349649916,0.34989500700000004,-0.25392492300003744,-3.994243992611758
BNBUSDT,S3,1780501605737,1780502045526,Long,633.72672,634.07316,1.0,0.3464400000000296,0.348549696,0.34874023800000004,-0.35084993399997044,-5.536297001962778
BNBUSDT,S3,1780502221676,1780502493979,Long,633.42666,631.27372,1.0,-2.152939999999944,0.348384663,0.34720054600000005,-2.848525208999944,-44.97008712894946
BNBUSDT,S3,1780529401220,1780530776096,Long,622.42446,620.27592,1.0,-2.1485399999999117,0.342333453,0.34115175600000003,-2.832025208999912,-45.49990225319731
BNBUSDT,S3,1780530783531,1780532815971,Long,620.82414,618.3763,1.0,-2.447840000000042,0.34145327700000005,0.34010696500000004,-3.129400242000042,-50.40719328343195
BNBUSDT,S3,1780558933060,1780558946082,Long,603.42066,602.4794800000001,1.0,-0.9411799999999175,0.33188136300000004,0.3313637140000001,-1.6044250769999175,-26.588832357843327
BNBUSDT,S3,1780558976566,1780559268260,Long,603.52068,601.27972,1.0,-2.2409599999999728,0.331936374,0.330703846,-2.903600219999973,-48.11103109175933
BNBUSDT,S3,1780559270522,1780559550341,Long,601.52028,600.27992,1.0,-1.2403600000000097,0.330836154,0.33015395599999997,-1.9013501100000096,-31.609077419634293
BNBUSDT,S3,1780559553318,1780560757429,Long,600.52008,597.7804199999999,1.0,-2.7396600000000717,0.330286044,0.328779231,-3.398725275000072,-56.59636352210024
BNBUSDT,S3,1780587026798,1780587660998,Long,605.4210599999999,605.47888,1.0,0.05782000000010612,0.33298158299999997,0.333013384,-0.6081749669998939,-10.045487466192439
BNBUSDT,S3,1780587738598,1780588084998,Long,605.32104,603.77922,1.0,-1.5418200000000297,0.33292657200000003,0.33207857100000004,-2.20682514300003,-36.45710287882988
BNBUSDT,S3,1780588085998,1780588224599,Long,604.02078,604.0791600000001,1.0,0.058380000000170185,0.332211429,0.33224353800000006,-0.6060749669998299,-10.034008548511029
BNBUSDT,S3,1780588225698,1780590350598,Long,604.6209,606.17874,1.0,1.557839999999942,0.332541495,0.333398307,0.8919001979999419,14.751395428109447
BNBUSDT,S3,1780615832098,1780616521898,Long,600.7201200000001,603.27932,1.0,2.559199999999919,0.33039606600000004,0.331803626,1.8970003079999187,31.578770959093536
BNBUSDT,S3,1780644613898,1780644631398,Long,584.81694,586.58266,1.0,1.7657199999999875,0.32164931700000005,0.322620463,1.1214502199999874,19.176089871815055
BNBUSDT,S3,1780644820898,1780644823998,Long,589.51788,589.3821,1.0,-0.13577999999995427,0.324234834,0.32416015500000006,-0.7841749889999543,-13.301971248097756
BNBUSDT,S3,1780644837999,1780644845099,Long,589.51788,589.28212,1.0,-0.2357600000000275,0.324234834,0.324105166,-0.8841000000000276,-14.997000599880494
BNBUSDT,S3,1780644859798,1780644863998,Long,590.01798,589.48208,1.0,-0.5358999999999696,0.324509889,0.324215144,-1.1846250329999697,-20.077778528036887
BTCUSDT,S2,1780496966661,1780496969936,Long,66733.94412,66714.05451999999,1.0,-19.889600000009523,0.0,0.0,-19.889600000009523,-2.9804322616155186
BTCUSDT,S2,1780498537092,1780498540542,Long,66854.06813999999,66806.93594000001,1.0,-47.132199999978184,0.0,0.0,-47.132199999978184,-7.0500122597293595
BTCUSDT,S2,1780500206951,1780500209265,Long,66364.47024,66348.42766,1.0,-16.042579999993904,0.0,0.0,-16.042579999993904,-2.417344693926981
BTCUSDT,S2,1780500933587,1780500959330,Long,66346.56666,66388.51964,1.0,41.952980000001844,0.0,0.0,41.952980000001844,6.32330836575076
BTCUSDT,S2,1780500967033,1780500970189,Long,66423.98214,66391.11911999999,1.0,-32.863020000004326,0.0,0.0,-32.863020000004326,-4.947463091077534
BTCUSDT,S2,1780504596607,1780504600719,Long,65747.94696,65735.65024,1.0,-12.296719999998459,0.0,0.0,-12.296719999998459,-1.8702819735922076
BTCUSDT,S2,1780504630810,1780504634444,Long,65809.55927999999,65798.73762,1.0,-10.821659999986878,0.0,0.0,-10.821659999986878,-1.6443902859072421
BTCUSDT,S2,1780504637251,1780504638902,Long,65845.06637999999,65803.73662,1.0,-41.32975999999326,0.0,0.0,-41.32975999999326,-6.276819551137532
BTCUSDT,S2,1780504712638,1780504716354,Long,65855.36843999999,65846.62804000001,1.0,-8.740399999980582,0.0,0.0,-8.740399999980582,-1.3272114646118567
BTCUSDT,S2,1780505433361,1780505439912,Long,65911.87973999999,65864.12454,1.0,-47.75519999998505,0.0,0.0,-47.75519999998505,-7.245309978772131
BTCUSDT,S2,1780508372840,1780508384851,Long,66142.52586,66141.2691,1.0,-1.256759999989299,0.0,0.0,-1.256759999989299,-0.1900078631181109
BTCUSDT,S2,1780508570227,1780508572558,Long,66156.72869999999,66124.57244,1.0,-32.15625999998883,0.0,0.0,-32.15625999998883,-4.8606182064726
BTCUSDT,S2,1780514075975,1780514079438,Long,65944.08618,65917.71381999999,1.0,-26.372360000008484,0.0,0.0,-26.372360000008484,-3.999200159969293
BTCUSDT,S2,1780517459376,1780517461828,Long,65483.194019999995,65449.30752,1.0,-33.88649999999325,0.0,0.0,-33.88649999999325,-5.174839209835056
BTCUSDT,S2,1780530809331,1780530811104,Long,64192.936019999994,64174.26258,1.0,-18.673439999991388,0.0,0.0,-18.673439999991388,-2.9089555888475767
BTCUSDT,S2,1780545021887,1780545029669,Long,64384.97442,64378.02182,1.0,-6.952599999996892,0.0,0.0,-6.952599999996892,-1.0798482196549877
BTCUSDT,S2,1780593297102,1780593305801,Long,63577.01286,63520.993259999996,1.0,-56.0196000000069,0.0,0.0,-56.0196000000069,-8.811297901548956
BTCUSDT,S2,1780595100201,1780595102301,Long,63025.1025,62984.9005,1.0,-40.2019999999975,0.0,0.0,-40.2019999999975,-6.37872822182201
BTCUSDT,S2,1780599119401,1780599122401,Long,64030.3035,64017.094020000004,1.0,-13.209479999997711,0.0,0.0,-13.209479999997711,-2.0630044335175937
BTCUSDT,S2,1780599563201,1780599572901,Long,63835.56456,63802.43696,1.0,-33.1275999999998,0.0,0.0,-33.1275999999998,-5.189520955652029
BTCUSDT,S2,1780602065902,1780602069201,Long,63872.67198,63853.7267,1.0,-18.94527999999991,0.0,0.0,-18.94527999999991,-2.966101058983741
BTCUSDT,S2,1780605774602,1780605777801,Long,63612.01986,63591.07924000001,1.0,-20.94061999999394,0.0,0.0,-20.94061999999394,-3.2919281679910397
BTCUSDT,S2,1780609522501,1780609523502,Long,63504.298319999994,63484.00066,1.0,-20.29765999999654,0.0,0.0,-20.29765999999654,-3.196265534297544
BTCUSDT,S2,1780612928401,1780612929401,Long,63509.799419999996,63484.40058,1.0,-25.39883999999438,0.0,0.0,-25.39883999999438,-3.9992001599671214
BTCUSDT,S2,1780613275401,1780613299901,Long,63504.298319999994,63554.586540000004,1.0,50.28822000000946,0.0,0.0,50.28822000000946,7.918868695565404
BTCUSDT,S2,1780613527102,1780613532301,Long,63584.7144,63545.58834,1.0,-39.12605999999505,0.0,0.0,-39.12605999999505,-6.153375126270136
BTCUSDT,S2,1780613921901,1780613930101,Long,63739.7454,63714.15462,1.0,-25.59077999999863,0.0,0.0,-25.59077999999863,-4.014885820362664
BTCUSDT,S2,1780616450401,1780616454601,Long,63735.34452,63705.15642,1.0,-30.188099999999395,0.0,0.0,-30.188099999999395,-4.736477103458104
BTCUSDT,S2,1780616510701,1780616511701,Long,63746.346719999994,63712.155020000006,1.0,-34.19169999998849,0.0,0.0,-34.19169999998849,-5.363711296299442
BTCUSDT,S2,1780616537401,1780616539501,Long,63731.94383999999,63690.55934000001,1.0,-41.384499999985565,0.0,0.0,-41.384499999985565,-6.4935254609339985
BTCUSDT,S2,1780616687801,1780616690801,Long,63733.64418,63698.05784,1.0,-35.586340000001655,0.0,0.0,-35.586340000001655,-5.583603520221877
BTCUSDT,S2,1780618018402,1780618022501,Long,63812.359919999995,63785.640320000006,1.0,-26.71959999998944,0.0,0.0,-26.71959999998944,-4.187213892964804
BTCUSDT,S2,1780618084401,1780618093901,Long,63764.7504,63748.447759999995,1.0,-16.302640000001702,0.0,0.0,-16.302640000001702,-2.5566852999085374
BTCUSDT,S2,1780618125402,1780618133601,Long,63732.04386,63749.54754000001,1.0,17.5036800000089,0.0,0.0,17.5036800000089,2.7464488724791543
BTCUSDT,S2,1780618134601,1780618136601,Long,63774.35232,63746.34818,1.0,-28.004139999997278,0.0,0.0,-28.004139999997278,-4.391128875677349
BTCUSDT,S2,1780618202401,1780618205402,Long,63804.65838,63775.7423,1.0,-28.916080000002694,0.0,0.0,-28.916080000002694,-4.5319700370132585
BTCUSDT,S2,1780621595901,1780621601001,Long,63107.819039999995,63103.8767,1.0,-3.9423399999941466,0.0,0.0,-3.9423399999941466,-0.6246991355374443
BTCUSDT,S2,1780624286501,1780624291802,Long,63255.54858,63230.3514,1.0,-25.197180000002845,0.0,0.0,-25.197180000002845,-3.9833944318948857
BTCUSDT,S2,1780626710502,1780626715601,Long,62788.75524,62754.54658,1.0,-34.2086599999966,0.0,0.0,-34.2086599999966,-5.448214392726763
BTCUSDT,S2,1780626757101,1780626758101,Long,62758.94928,62737.9499,1.0,-20.99938000000111,0.0,0.0,-20.99938000000111,-3.346037535828087
BTCUSDT,S2,1780626874101,1780626876102,Long,62824.862460000004,62787.04008,1.0,-37.82238000000507,0.0,0.0,-37.82238000000507,-6.020288548038799
BTCUSDT,S2,1780626915101,1780626920301,Long,62834.564399999996,62817.53398,1.0,-17.0304199999955,0.0,0.0,-17.0304199999955,-2.710358568188865
BTCUSDT,S2,1780626949501,1780626951601,Long,62844.96648,62824.23264,1.0,-20.733840000000782,0.0,0.0,-20.733840000000782,-3.299204560256897
BTCUSDT,S2,1780626952601,1780626956601,Long,62851.0677,62843.928700000004,1.0,-7.138999999995576,0.0,0.0,-7.138999999995576,-1.13585978110529
BTCUSDT,S2,1780627309801,1780627312001,Long,62842.0659,62816.83412,1.0,-25.23178000000189,0.0,0.0,-25.23178000000189,-4.015109885176752
BTCUSDT,S2,1780627834801,1780627849201,Long,62765.35056,62759.34562,1.0,-6.004939999998896,0.0,0.0,-6.004939999998896,-0.9567285048871871
BTCUSDT,S2,1780627856701,1780627857701,Long,62795.256539999995,62757.346020000005,1.0,-37.910519999990356,0.0,0.0,-37.910519999990356,-6.037163010209491
BTCUSDT,S2,1780628409901,1780628410901,Long,62598.81726,62570.78334,1.0,-28.03392000000167,0.0,0.0,-28.03392000000167,-4.478346592965911
BTCUSDT,S2,1780629398201,1780629440801,Long,62570.711639999994,62604.67656,1.0,33.964920000005804,0.0,0.0,33.964920000005804,5.428245757443619
BTCUSDT,S2,1780629882602,1780629886702,Long,62637.82506,62610.9753,1.0,-26.849760000004608,0.0,0.0,-26.849760000004608,-4.286508986269168
BTCUSDT,S2,1780629971401,1780629979601,Long,62632.12392,62571.38322,1.0,-60.74069999999483,0.0,0.0,-60.74069999999483,-9.69801057322899
BTCUSDT,S2,1780629985701,1780629991702,Long,62601.41778,62577.482,1.0,-23.935779999999795,0.0,0.0,-23.935779999999795,-3.823520432734805
BTCUSDT,S2,1780630018402,1780630021502,Long,62556.10872,62531.391220000005,1.0,-24.71749999999156,0.0,0.0,-24.71749999999156,-3.951252804202806
BTCUSDT,S2,1780634319201,1780634321301,Long,63102.91806,63077.68194,1.0,-25.236120000001392,0.0,0.0,-25.236120000001392,-3.9992001599682268
BTCUSDT,S2,1780634401601,1780634410801,Long,63094.71642,63024.49258,1.0,-70.22383999999875,0.0,0.0,-70.22383999999875,-11.129908173695972
BTCUSDT,S2,1780635245701,1780635255001,Long,63176.93286,63153.96668,1.0,-22.966180000003078,0.0,0.0,-22.966180000003078,-3.635216044896656
BTCUSDT,S2,1780635303401,1780635311401,Long,63270.45156,63237.54996,1.0,-32.90160000000469,0.0,0.0,-32.90160000000469,-5.200152549694351
BTCUSDT,S2,1780635363501,1780635365502,Long,63222.441960000004,63200.55736,1.0,-21.884600000004866,0.0,0.0,-21.884600000004866,-3.461523997103902
BTCUSDT,S2,1780636869101,1780636874101,Long,63494.6964,63455.90628,1.0,-38.79011999999784,0.0,0.0,-38.79011999999784,-6.109190562252667
BTCUSDT,S3,1780500609943,1780500698640,Long,66602.41782,66589.67940000001,1.0,-12.738419999994221,36.63132980100001,36.62432367000001,-85.99407347099424,-12.911554307743334
BTCUSDT,S3,1780500722767,1780500815367,Long,66598.11696,66406.716,1.0,-191.40095999999903,36.628964328,36.523693800000004,-264.553618127999,-39.72388863290152
BTCUSDT,S3,1780500816536,1780500888834,Long,66433.284,66289.53944000001,1.0,-143.7445599999919,36.5383062,36.45924669200001,-216.7421128919919,-32.62553043320753
BTCUSDT,S3,1780500889834,1780500977661,Long,66314.66028,66368.42366,1.0,53.76338000000396,36.473063154,36.502633013,-19.21231616699604,-2.8971446262223153
BTCUSDT,S3,1780500981128,1780501035385,Long,66398.277,66286.74,1.0,-111.53699999999662,36.51905235,36.457707000000006,-184.51375934999663,-27.7889378590346
BTCUSDT,S3,1780501037006,1780501079785,Long,66313.26,66203.55664000001,1.0,-109.70335999998497,36.472293,36.41195615200001,-182.587609151985,-27.534102403046543
BTCUSDT,S3,1780501082103,1780501188927,Long,66227.7429,66291.93896,1.0,64.19606000000203,36.425258595,36.460566428,-8.689765022997967,-1.3121034543060002
BTCUSDT,S3,1780501206927,1780501209279,Long,66296.95674,66246.44806,1.0,-50.508679999999,36.463326207,36.435546433,-123.407552639999,-18.614361609986474
BTCUSDT,S3,1780501212427,1780501326923,Long,66276.35262,66237.54984,1.0,-38.802779999998165,36.451993941000005,36.43065241200001,-111.68542635299818,-16.85147446078607
BTCUSDT,S3,1780501342061,1780501368589,Long,66282.45384,66267.34388,1.0,-15.109960000001593,36.455349612000006,36.447039134,-88.0123487460016,-13.278378159996256
BTCUSDT,S3,1780501379959,1780501420813,Long,66304.55826,66293.2387,1.0,-11.319560000003548,36.467507043000005,36.461281285000005,-84.24834832800356,-12.70626794580858
BTCUSDT,S3,1780501516215,1780501580809,Long,66314.36022,66257.7458,1.0,-56.61441999999806,36.472898121,36.441760190000004,-129.52907831099807,-19.532583573343874
BTCUSDT,S3,1780501602335,1780501616617,Long,66234.14417999999,66157.76580000001,1.0,-76.3783799999801,36.428779299,36.386771190000005,-149.1939304889801,-22.5252295981248
BTCUSDT,S3,1780501620223,1780501634200,Long,66200.7375,66149.86738000001,1.0,-50.87011999999231,36.410405625,36.38242705900001,-123.66295268399233,-18.67999622874176
BTCUSDT,S3,1780501642610,1780501653488,Long,66166.63067999999,66117.87378000001,1.0,-48.75689999997849,36.391646873999996,36.36483057900001,-121.51337745297849,-18.364752172534004
BTCUSDT,S3,1780501660829,1780501663034,Long,66160.7295,66134.97035999999,1.0,-25.75914000000921,36.388401225,36.374233698,-98.52177492300922,-14.891276995821094
BTCUSDT,S3,1780501672036,1780501772914,Long,66176.2326,66230.7512,1.0,54.518599999995786,36.396927930000004,36.42691316,-18.305241090004216,-2.7661352680273636
BTCUSDT,S3,1780501780513,1780501842045,Long,66262.14977999999,66316.33408,1.0,54.18430000000808,36.444182379,36.473983744,-18.73386612299192,-2.8272348822353472
BTCUSDT,S3,1780501879053,1780501932716,Long,66344.86632,66275.44226,1.0,-69.42406000000483,36.489676476,36.451493243,-142.36522971900484,-21.458364092910703
BTCUSDT,S3,1780501946070,1780502018708,Long,66281.95374,66254.04654000001,1.0,-27.907199999986915,36.455074557,36.439725597000006,-100.80200015398692,-15.208061088451998
BTCUSDT,S3,1780502019773,1780502047946,Long,66280.15337999999,66193.95856,1.0,-86.1948199999897,36.454084359,36.406677208000005,-159.0555815669897,-23.997467334616132
BTCUSDT,S3,1780502051144,1780502087296,Long,66229.7433,66143.2687,1.0,-86.47460000000137,36.426358815,36.378797785,-159.27975660000138,-24.049580847462135
BTCUSDT,S3,1780502088306,1780502255046,Long,66169.33122000001,66071.2831,1.0,-98.04812000000675,36.393132171000005,36.339205705000005,-170.78045787600675,-25.80960918407885
BTCUSDT,S3,1780502259199,1780502270866,Long,66115.32042,66089.07954,1.0,-26.24087999999756,36.363426231000005,36.34899374700001,-98.95329997799757,-14.966773109378144
BTCUSDT,S3,1780502328420,1780502404683,Long,66097.51686,66095.97816,1.0,-1.53870000000461,36.353634273000004,36.352787988,-74.24512226100461,-11.232664370472783
BTCUSDT,S3,1780529425665,1780529919670,Long,64478.8932,64242.149000000005,1.0,-236.74419999999373,35.46339126,35.333181950000004,-307.5407732099937,-47.69634805238774
BTCUSDT,S3,1780529960971,1780530102339,Long,64292.655960000004,64250.1474,1.0,-42.508560000002035,35.360960778000006,35.337581070000006,-113.20710184800205,-17.608092270823967
BTCUSDT,S3,1780530109296,1780530124069,Long,64292.95602,64287.23998,1.0,-5.716039999999339,35.361125811,35.357981989,-76.43514779999934,-11.888572641802657
BTCUSDT,S3,1780530131493,1780530215969,Long,64293.056039999996,64249.34756,1.0,-43.70847999999387,35.361180822,35.337141158,-114.40680197999387,-17.79458140997615
BTCUSDT,S3,1780530308674,1780530428952,Long,64269.95142,64235.35036,1.0,-34.60106000000087,35.348473281000004,35.329442698,-105.27897597900088,-16.380746157875482
BTCUSDT,S3,1780530439275,1780530474174,Long,64288.65516,64275.142400000004,1.0,-13.512759999997797,35.358760338,35.35132832000001,-84.22284865799782,-13.100732695121104
BTCUSDT,S3,1780530553521,1780530583026,Long,64277.452919999996,64237.05002,1.0,-40.40289999999368,35.352599106,35.330377511,-111.08587661699369,-17.28224619529521
BTCUSDT,S3,1780530601865,1780530633753,Long,64245.74658,64227.551920000005,1.0,-18.194659999993746,35.335160619,35.325153556000004,-88.85497417499374,-13.830483558059345
BTCUSDT,S3,1780530645069,1780530671352,Long,64294.65636,64187.25998,1.0,-107.39637999999832,35.362060998000004,35.302992989,-178.06143398699834,-27.694592998521212
BTCUSDT,S3,1780530676241,1780530892441,Long,64219.8414,64060.48534000001,1.0,-159.35605999999098,35.32091277,35.233266937,-229.91023970699098,-35.80049945545194
BTCUSDT,S3,1780530906905,1780530979765,Long,64119.8214,64082.6809,1.0,-37.14050000000134,35.26590177,35.245474495,-107.65187626500133,-16.789172819655004
BTCUSDT,S3,1780530996206,1780531037488,Long,64165.8306,64087.18,1.0,-78.65060000000085,35.29120683,35.247949000000006,-149.18975583000085,-23.25065450489171
BTCUSDT,S3,1780531054063,1780531103177,Long,64102.21788,64054.6865,1.0,-47.53137999999308,35.256219834,35.230077575,-118.01767740899308,-18.410857114167776
BTCUSDT,S3,1780531175709,1780531533048,Long,64100.21748,64326.432140000004,1.0,226.2146600000051,35.255119614,35.379537677,155.5800027090051,24.271368932179964
BTCUSDT,S3,1780558545960,1780558610124,Long,63801.45774,63818.33378,1.0,16.87604000000283,35.090801757,35.100083579,-53.31484533599717,-8.35636789887509
BTCUSDT,S3,1780558721766,1780559283201,Long,63837.66498,63776.7421,1.0,-60.92287999999826,35.110715739,35.077208155,-131.11080389399825,-20.53815783128574
BTCUSDT,S3,1780559290194,1780559709502,Long,63770.35152,63727.252,1.0,-43.09951999999612,35.073693336,35.0499886,-113.22320193599612,-17.754834219548947
BTCUSDT,S3,1780559713321,1780560013029,Long,63752.64798,63534.690520000004,1.0,-217.9574599999978,35.063956389000005,34.944079786,-287.96549617499784,-45.16918203387194
BTCUSDT,S3,1780587018701,1780587027901,Long,64007.09886,63976.00224,1.0,-31.09661999999662,35.203904373,35.186801232,-101.48732560499661,-15.855635923598962
BTCUSDT,S3,1780587141201,1780587143201,Long,64032.904019999994,64000.197400000005,1.0,-32.706619999989925,35.218097211,35.200108570000005,-103.12482578098994,-16.10497405346164
BTCUSDT,S3,1780587299801,1780587389301,Long,63926.382719999994,63838.2298,1.0,-88.15291999999317,35.159510495999996,35.11102639,-158.42345688599318,-24.78217132664834
BTCUSDT,S3,1780587425101,1780587426101,Long,63948.48714,63900.01744,1.0,-48.46969999999419,35.171667927,35.145009592,-118.78637751899419,-18.575322549685918
BTCUSDT,S3,1780587543201,1780587575701,Long,63872.772,63889.81948,1.0,17.047480000001087,35.1300246,35.139400714000004,-53.221945313998916,-8.33249343147326
BTCUSDT,S3,1780587784801,1780587808901,Long,63848.2671,63860.025440000005,1.0,11.758340000007593,35.116546905,35.123013992000004,-58.48122089699241,-9.15940612850124
BTCUSDT,S3,1780588102401,1780588103401,Long,63729.943439999995,63704.45656,1.0,-25.486879999996745,35.051468892,35.037451108,-95.57579999999675,-14.997000599879515
BTCUSDT,S3,1780588262001,1780588311201,Long,63790.55556,63789.639520000004,1.0,-0.9160399999964284,35.084805558,35.08430173600001,-71.08514729399644,-11.143522214214816
BTCUSDT,S3,1780588625501,1780588647801,Long,63818.06106,63824.63252000001,1.0,6.571460000006482,35.099933583,35.10354788600001,-63.63202146899353,-9.970848441974512
BTCUSDT,S3,1780588650801,1780588653801,Long,63900.7776,63871.42316,1.0,-29.354440000002796,35.145427680000005,35.129282738,-99.62915041800281,-15.591226610989287
BTCUSDT,S3,1780615807601,1780615921001,Long,63487.39494,63584.58054,1.0,97.18560000000434,34.918067217,34.971519297,27.29601348600434,4.299438260429644
BTCUSDT,S3,1780615926001,1780616041302,Long,63587.51496,63533.49076,1.0,-54.02419999999984,34.973133228,34.943419918000004,-123.94075314599984,-19.49136606831786
BTCUSDT,S3,1780616085201,1780616465801,Long,63593.416139999994,63718.45376,1.0,125.03762000000279,34.976378877,35.045149568,55.01609155500279,8.651224433970594
BTCUSDT,S3,1780616487001,1780616646601,Long,63731.14368,63714.45456,1.0,-16.68912000000273,35.052129024,35.042950008,-86.78419903200273,-13.617235470895402
BTCUSDT,S3,1780616651701,1780616657901,Long,63754.448339999995,63710.755300000004,1.0,-43.693039999991015,35.064946587,35.04091541500001,-113.79890200199102,-17.849562652492246
BTCUSDT,S3,1780616701001,1780616703001,Long,63758.84922,63697.85788,1.0,-60.991339999993215,35.067367071,35.033821834,-131.09252890499323,-20.560679891297642
BTCUSDT,S3,1780616707001,1780616967901,Long,63729.84342,63669.36358,1.0,-60.47983999999997,35.051413881,35.018149969,-130.54940384999998,-20.484814781300773
BTCUSDT,S3,1780616995801,1780617390201,Long,63738.845219999996,63805.936259999995,1.0,67.09103999999934,35.056364871,35.093264943,-3.058589814000662,-0.4798627592708468
BTCUSDT,S3,1780617466101,1780617633001,Long,63784.2543,63752.7469,1.0,-31.507400000002235,35.081339865000004,35.064010795,-101.65275066000224,-15.936966227102578
ETHUSDT,S2,1780498884974,1780498887374,Long,1858.361598,1857.57841,1.0,-0.7831879999998819,0.0,0.0,-0.7831879999998819,-4.214400474282088
ETHUSDT,S2,1780500442937,1780500446348,Long,1852.1903639999998,1852.22948,1.0,0.03911600000014914,0.0,0.0,0.03911600000014914,0.21118779559825604
ETHUSDT,S2,1780501144520,1780501146520,Long,1843.31859,1842.621402,1.0,-0.6971880000000965,0.0,0.0,-0.6971880000000965,-3.782243632665238
ETHUSDT,S2,1780501517516,1780501522489,Long,1845.369,1844.770972,1.0,-0.5980279999998857,0.0,0.0,-0.5980279999998857,-3.240696034234268
ETHUSDT,S2,1780504819887,1780504823755,Long,1826.16516,1825.7647740000002,1.0,-0.4003859999997985,0.0,0.0,-0.4003859999997985,-2.1924961047871405
ETHUSDT,S2,1780507528054,1780507536111,Long,1824.8649,1823.895148,1.0,-0.9697519999999713,0.0,0.0,-0.9697519999999713,-5.3141029782531914
ETHUSDT,S2,1780512044363,1780512049417,Long,1829.095746,1828.83416,1.0,-0.261585999999852,0.0,0.0,-0.261585999999852,-1.4301383652108282
ETHUSDT,S2,1780515474380,1780515477580,Long,1821.034134,1820.08591,1.0,-0.948223999999982,0.0,0.0,-0.948223999999982,-5.207063296046828
ETHUSDT,S2,1780515678903,1780515685960,Long,1820.944116,1820.615804,1.0,-0.32831199999986893,0.0,0.0,-0.32831199999986893,-1.8029768026108328
ETHUSDT,S2,1780517344437,1780517350222,Long,1804.9509179999998,1804.199088,1.0,-0.7518299999996998,0.0,0.0,-0.7518299999996998,-4.165376423824173
ETHUSDT,S2,1780518824318,1780518825363,Long,1804.840896,1804.109106,1.0,-0.731789999999819,0.0,0.0,-0.731789999999819,-4.054595624587503
ETHUSDT,S2,1780520608163,1780520609243,Long,1788.067542,1787.452438,1.0,-0.6151039999999739,0.0,0.0,-0.6151039999999739,-3.440049022488066
ETHUSDT,S2,1780520617209,1780520623244,Long,1790.9081099999999,1789.871954,1.0,-1.0361559999998917,0.0,0.0,-1.0361559999998917,-5.785645808482557
ETHUSDT,S2,1780520677647,1780520679124,Long,1790.187966,1789.482032,1.0,-0.7059340000000702,0.0,0.0,-0.7059340000000702,-3.9433512759970717
ETHUSDT,S2,1780520747310,1780520758501,Long,1795.7090699999999,1796.0607160000002,1.0,0.3516460000003008,0.0,0.0,0.3516460000003008,1.9582570800307912
ETHUSDT,S2,1780525918122,1780525929163,Long,1830.1259519999999,1831.28367,1.0,1.157718000000159,0.0,0.0,1.157718000000159,6.325892481525551
ETHUSDT,S2,1780527601403,1780527602547,Long,1829.035734,1828.294268,1.0,-0.7414659999999458,0.0,0.0,-0.7414659999999458,-4.053862842681595
ETHUSDT,S2,1780537282526,1780537285839,Long,1782.076344,1782.6434,1.0,0.5670559999998659,0.0,0.0,0.5670559999998659,3.181996113180356
ETHUSDT,S2,1780539975425,1780539981258,Long,1767.733476,1767.166496,1.0,-0.5669800000000578,0.0,0.0,-0.5669800000000578,-3.2073839619930227
ETHUSDT,S2,1780540158922,1780540161812,Long,1766.2531800000002,1765.206888,1.0,-1.0462920000002214,0.0,0.0,-1.0462920000002214,-5.923794005569582
ETHUSDT,S2,1780541444881,1780541458923,Long,1777.345398,1776.764576,1.0,-0.5808219999998983,0.0,0.0,-0.5808219999998983,-3.2679185523167416
ETHUSDT,S2,1780541686443,1780541688956,Long,1770.534036,1769.7859720000001,1.0,-0.7480639999998857,0.0,0.0,-0.7480639999998857,-4.225075512752728
ETHUSDT,S2,1780541719135,1780541721552,Long,1771.1441579999998,1770.125904,1.0,-1.0182539999998426,0.0,0.0,-1.0182539999998426,-5.7491311218261805
ETHUSDT,S2,1780541786027,1780541789393,Long,1771.1141519999999,1770.1459,1.0,-0.9682519999998931,0.0,0.0,-0.9682519999998931,-5.466909057818274
ETHUSDT,S2,1780546293021,1780546295938,Long,1812.9225119999999,1812.807366,1.0,-0.11514599999986785,0.0,0.0,-0.11514599999986785,-0.6351402182812536
ETHUSDT,S2,1780559916854,1780559917902,Long,1777.25538,1776.34466,1.0,-0.910720000000083,0.0,0.0,-0.910720000000083,-5.124305770845848
ETHUSDT,S2,1780571082678,1780571085574,Long,1742.238378,1741.5716160000002,1.0,-0.6667619999998351,0.0,0.0,-0.6667619999998351,-3.827042317626154
ETHUSDT,S2,1780571502212,1780571506601,Long,1735.69707,1735.142902,1.0,-0.5541679999998905,0.0,0.0,-0.5541679999998905,-3.1927691160986438
ETHUSDT,S2,1780571770947,1780571773881,Long,1738.627656,1738.432244,1.0,-0.19541199999980563,0.0,0.0,-0.19541199999980563,-1.1239439297162868
ETHUSDT,S2,1780572661603,1780572666396,Long,1751.070144,1749.5600180000001,1.0,-1.5101259999999002,0.0,0.0,-1.5101259999999002,-8.624017748085711
ETHUSDT,S2,1780573894541,1780573895859,Long,1748.8497,1748.110308,1.0,-0.7393919999999525,0.0,0.0,-0.7393919999999525,-4.22787618627234
ETHUSDT,S2,1780576322082,1780576334973,Long,1774.764882,1773.655198,1.0,-1.1096840000000157,0.0,0.0,-1.1096840000000157,-6.252569065652809
ETHUSDT,S2,1780585832592,1780585833592,Long,1790.9581199999998,1789.8019680000002,1.0,-1.1561519999995653,0.0,0.0,-1.1561519999995653,-6.455494336180041
ETHUSDT,S2,1780585866892,1780585869992,Long,1787.80749,1788.182292,1.0,0.37480200000004515,0.0,0.0,0.37480200000004515,2.0964337720726585
ETHUSDT,S2,1780586990792,1780586996092,Long,1778.6756639999999,1778.2542779999999,1.0,-0.42138599999998405,0.0,0.0,-0.42138599999998405,-2.369099710131212
ETHUSDT,S2,1780587216792,1780587217793,Long,1776.00513,1775.2948700000002,1.0,-0.7102599999998347,0.0,0.0,-0.7102599999998347,-3.9992001599670757
ETHUSDT,S2,1780587289092,1780587292192,Long,1777.775484,1776.884552,1.0,-0.8909320000000207,0.0,0.0,-0.8909320000000207,-5.011498966086658
ETHUSDT,S2,1780588024392,1780588025392,Long,1775.40501,1775.074914,1.0,-0.33009599999991224,0.0,0.0,-0.33009599999991224,-1.8592715360193348
ETHUSDT,S2,1780588197593,1780588199693,Long,1773.294588,1772.5254240000002,1.0,-0.7691639999998188,0.0,0.0,-0.7691639999998188,-4.33748574661425
ETHUSDT,S2,1780590539092,1780590546192,Long,1772.0743439999999,1771.235682,1.0,-0.8386619999998857,0.0,0.0,-0.8386619999998857,-4.73265697254452
ETHUSDT,S2,1780596029192,1780596034292,Long,1768.5136320000001,1767.79637,1.0,-0.7172620000001189,0.0,0.0,-0.7172620000001189,-4.055733509890858
ETHUSDT,S2,1780600348793,1780600355292,Long,1771.70427,1771.235682,1.0,-0.46858799999995426,0.0,0.0,-0.46858799999995426,-2.644843205124489
ETHUSDT,S2,1780604085392,1780604093792,Long,1771.844298,1771.175694,1.0,-0.6686039999999593,0.0,0.0,-0.6686039999999593,-3.7734918398566837
ETHUSDT,S2,1780605062192,1780605072192,Long,1771.044138,1769.436042,1.0,-1.6080959999999322,0.0,0.0,-1.6080959999999322,-9.07993180687139
ETHUSDT,S2,1780605703393,1780605705393,Long,1773.614652,1772.925344,1.0,-0.6893079999999827,0.0,0.0,-0.6893079999999827,-3.8864586465988595
ETHUSDT,S2,1780616004092,1780616009493,Long,1765.15296,1763.937142,1.0,-1.2158179999998993,0.0,0.0,-1.2158179999998993,-6.887890327645596
ETHUSDT,S2,1780616287793,1780616288892,Long,1766.1231539999999,1765.416846,1.0,-0.7063079999998081,0.0,0.0,-0.7063079999998081,-3.99920015996692
ETHUSDT,S2,1780616294292,1780616295492,Long,1766.723274,1765.8867520000001,1.0,-0.8365219999998317,0.0,0.0,-0.8365219999998317,-4.734878474238245
ETHUSDT,S2,1780617358193,1780617377492,Long,1771.774284,1770.69579,1.0,-1.0784940000000915,0.0,0.0,-1.0784940000000915,-6.08708462324703
ETHUSDT,S2,1780617586993,1780617591492,Long,1770.374004,1769.665996,1.0,-0.7080080000000635,0.0,0.0,-0.7080080000000635,-3.9992001599683653
ETHUSDT,S2,1780619215392,1780619220492,Long,1767.1333559999998,1766.3166660000002,1.0,-0.8166899999996531,0.0,0.0,-0.8166899999996531,-4.621552738092581
ETHUSDT,S2,1780619231592,1780619239892,Long,1767.993528,1766.976534,1.0,-1.016994000000068,0.0,0.0,-1.016994000000068,-5.752249563665076
ETHUSDT,S2,1780619274592,1780619276592,Long,1767.5834459999999,1767.056518,1.0,-0.5269279999997707,0.0,0.0,-0.5269279999997707,-2.9810643519670683
ETHUSDT,S2,1780619302792,1780619304792,Long,1768.743678,1768.226284,1.0,-0.5173939999999675,0.0,0.0,-0.5173939999999675,-2.925206215210384
ETHUSDT,S2,1780619336992,1780619337992,Long,1769.813892,1768.926144,1.0,-0.8877479999998741,0.0,0.0,-0.8877479999998741,-5.016052840429812
ETHUSDT,S2,1780619388792,1780619390792,Long,1771.894308,1771.255678,1.0,-0.638629999999921,0.0,0.0,-0.638629999999921,-3.6042217479707657
ETHUSDT,S2,1780619683492,1780619690792,Long,1771.074144,1770.255878,1.0,-0.8182659999999942,0.0,0.0,-0.8182659999999942,-4.620167951590819
ETHUSDT,S2,1780621870292,1780621905092,Long,1751.260182,1751.0797140000002,1.0,-0.18046799999979157,0.0,0.0,-0.18046799999979157,-1.0305036444881128
ETHUSDT,S2,1780621913492,1780621920492,Long,1751.230176,1750.84976,1.0,-0.38041599999996834,0.0,0.0,-0.38041599999996834,-2.172278694219853
ETHUSDT,S2,1780622689992,1780622694192,Long,1753.060542,1752.259478,1.0,-0.8010639999999967,0.0,0.0,-0.8010639999999967,-4.569517029264108
ETHUSDT,S2,1780622869592,1780622870592,Long,1753.580646,1752.8793540000001,1.0,-0.7012919999997393,0.0,0.0,-0.7012919999997393,-3.9992001599665206
ETHUSDT,S2,1780623199892,1780623211392,Long,1759.4818260000002,1759.0681160000001,1.0,-0.4137100000000373,0.0,0.0,-0.4137100000000373,-2.3513172678831484
ETHUSDT,S2,1780623314592,1780623316592,Long,1758.20157,1757.6484,1.0,-0.5531699999999091,0.0,0.0,-0.5531699999999091,-3.146226288490398
ETHUSDT,S2,1780623317692,1780623321692,Long,1758.491628,1757.44844,1.0,-1.0431880000001001,0.0,0.0,-1.0431880000001001,-5.932288692136441
ETHUSDT,S2,1780624386692,1780624391793,Long,1752.860502,1753.069316,1.0,0.20881400000007488,0.0,0.0,0.20881400000007488,1.1912756306723766
ETHUSDT,S2,1780624794092,1780624798092,Long,1753.220574,1751.8095680000001,1.0,-1.4110059999998157,0.0,0.0,-1.4110059999998157,-8.048080321009373
ETHUSDT,S2,1780625071592,1780625073592,Long,1751.75028,1751.0497200000002,1.0,-0.7005599999997685,0.0,0.0,-0.7005599999997685,-3.9992001599666844
ETHUSDT,S2,1780625549792,1780625551892,Long,1747.3494,1746.1307040000002,1.0,-1.218695999999909,0.0,0.0,-1.218695999999909,-6.974540981900408
ETHUSDT,S2,1780626915192,1780626918192,Long,1738.7076719999998,1738.412248,1.0,-0.2954239999996844,0.0,0.0,-0.2954239999996844,-1.6991010320893345
ETHUSDT,S2,1780626951892,1780626952892,Long,1739.387808,1738.942142,1.0,-0.44566599999984646,0.0,0.0,-0.44566599999984646,-2.562200320998493
ETHUSDT,S2,1780632982592,1780632985592,Long,1725.355002,1723.515228,1.0,-1.839774000000034,0.0,0.0,-1.839774000000034,-10.663162061531693
ETHUSDT,S3,1780500604733,1780500750729,Long,1853.360598,1849.989928,1.0,-3.3706700000000183,1.0193483289,1.0174944604,-5.407512789300018,-29.176798056111572
ETHUSDT,S3,1780500760971,1780500814028,Long,1849.999926,1845.960734,1.0,-4.039191999999957,1.0174999593,1.0152784037,-6.0719703629999575,-32.8214627344799
ETHUSDT,S3,1780500817628,1780500881030,Long,1846.629252,1845.6208020000001,1.0,-1.0084499999998116,1.0156460886,1.0150914411,-3.0391875296998117,-16.458027654485633
ETHUSDT,S3,1780500882329,1780500978024,Long,1846.1991659999999,1846.240678,1.0,0.04151200000001154,1.0154095413,1.0154323729,-1.9893299141999885,-10.77527252116627
ETHUSDT,S3,1780500996804,1780501007633,Long,1848.76968,1847.53042,1.0,-1.2392600000000584,1.0168233240000002,1.016141731,-3.2722250550000584,-17.699473819800303
ETHUSDT,S3,1780501060323,1780501142332,Long,1844.308788,1842.48143,1.0,-1.8273580000000038,1.0143698334000002,1.0133647865000002,-3.855092619900004,-20.902641927334376
ETHUSDT,S3,1780501143496,1780501192588,Long,1843.378602,1843.43124,1.0,0.05263799999988805,1.0138582311,1.013887182,-1.9751074131001118,-10.71460529571728
ETHUSDT,S3,1780501196919,1780501420814,Long,1843.8687,1844.790968,1.0,0.922268000000031,1.0141277850000001,1.0146350324,-1.1064948173999691,-6.000941484607711
ETHUSDT,S3,1780501430005,1780501479912,Long,1845.9091079999998,1845.0309200000002,1.0,-0.8781879999996818,1.0152500093999999,1.0147670060000002,-2.908205015399682,-15.754865734156628
ETHUSDT,S3,1780501503232,1780501596409,Long,1844.81889,1840.851756,1.0,-3.9671339999999873,1.0146503895,1.0124684658,-5.994252855299987,-32.49236490255142
ETHUSDT,S3,1780501603409,1780501605737,Long,1840.4580179999998,1840.001926,1.0,-0.4560919999998987,1.0122519099,1.0120010593,-2.4803449691998987,-13.476781023754375
ETHUSDT,S3,1780501608171,1780501779430,Long,1841.178162,1840.6318,1.0,-0.5463619999998173,1.0126479891,1.01234749,-2.5713574790998175,-13.965826513533337
ETHUSDT,S3,1780501781505,1780501808188,Long,1841.848296,1840.43184,1.0,-1.4164559999999256,1.0130165628,1.012237512,-3.4417100747999254,-18.686175632783634
ETHUSDT,S3,1780501816804,1780501939177,Long,1841.188164,1837.43244,1.0,-3.755723999999873,1.0126534902,1.010587842,-5.778965332199872,-31.387152303027037
ETHUSDT,S3,1780501940486,1780502097237,Long,1838.7176699999998,1836.5326200000002,1.0,-2.185049999999592,1.0112947184999999,1.0100929410000001,-4.206437659499592,-22.877017652740527
ETHUSDT,S3,1780502102797,1780502247418,Long,1837.087344,1836.872552,1.0,-0.21479199999998855,1.0103980392,1.0102799036,-2.2354699427999885,-12.168555567600647
ETHUSDT,S3,1780502257277,1780502423274,Long,1836.757278,1837.152496,1.0,0.39521799999988616,1.0102165029,1.0104338728,-1.625432375700114,-8.849467456418669
ETHUSDT,S3,1780529719604,1780529803873,Long,1821.1141499999999,1817.48643,1.0,-3.627719999999954,1.0016127825,0.9996175365000001,-5.628950318999954,-30.90937665274829
ETHUSDT,S3,1780530289013,1780530342371,Long,1816.293186,1815.3368600000001,1.0,-0.95632599999999,0.9989612523000001,0.9984352730000001,-2.95372252529999,-16.26236638482874
ETHUSDT,S3,1780530357452,1780530359832,Long,1817.353398,1816.716584,1.0,-0.6368139999999585,0.9995443689000001,0.9991941212000001,-2.6355524900999585,-14.502146324431934
ETHUSDT,S3,1780530569168,1780530577378,Long,1820.3039880000001,1818.866154,1.0,-1.4378340000000662,1.0011671934000002,1.0003763847,-3.4393775781000664,-18.894523116872204
ETHUSDT,S3,1780530629245,1780530637264,Long,1820.1739619999998,1818.2362799999999,1.0,-1.9376819999999952,1.0010956791,1.000029954,-3.9388076330999953,-21.639731780208795
ETHUSDT,S3,1780530645067,1780530657203,Long,1820.31399,1818.796168,1.0,-1.5178220000000238,1.0011726945000001,1.0003378924000002,-3.519332586900024,-19.333656755008644
ETHUSDT,S3,1780531054066,1780532153135,Long,1813.16256,1817.426442,1.0,4.263881999999967,0.9972394080000001,0.9995845431,2.2670580488999668,12.503335877947794
ETHUSDT,S3,1780558462111,1780558984196,Long,1778.135556,1785.422844,1.0,7.2872879999999896,0.9779745558,0.9819825642000001,5.327330879999989,29.960206700911332
ETHUSDT,S3,1780558997863,1780559175578,Long,1785.276984,1780.5038279999999,1.0,-4.773156000000199,0.9819023412000001,0.9792771054,-6.734335446600198,-37.721516083804495
ETHUSDT,S3,1780559187117,1780559467388,Long,1781.9163119999998,1779.9039480000001,1.0,-2.0123639999997067,0.9800539716,0.9789471714000001,-3.9713651429997068,-22.287046345865132
ETHUSDT,S3,1780559486075,1780560009436,Long,1780.1659619999998,1775.5048279999999,1.0,-4.661133999999947,0.9790912790999999,0.9765276554,-6.616752934499948,-37.16930373764752
ETHUSDT,S3,1780587141192,1780587156393,Long,1778.475624,1777.39445,1.0,-1.081173999999919,0.9781615932000001,0.9775669475000001,-3.0369025406999195,-17.075873853528396
ETHUSDT,S3,1780587302492,1780587307492,Long,1778.6956679999998,1778.724184,1.0,0.028516000000081476,0.9782826174,0.9782983012,-1.9280649185999186,-10.839768451046336
ETHUSDT,S3,1780587381592,1780587388992,Long,1779.145758,1776.214686,1.0,-2.9310719999998582,0.9785301668999999,0.9769180773,-4.886520244199858,-27.465541944651942
ETHUSDT,S3,1780587543492,1780587569293,Long,1777.325394,1777.864356,1.0,0.5389620000000832,0.9775289667,0.9778253958,-1.4163923624999168,-7.96923493740346
ETHUSDT,S3,1780587605192,1780587619293,Long,1778.275584,1776.914546,1.0,-1.3610380000000077,0.9780515712000001,0.9773030003000001,-3.3163925715000078,-18.64948606019891
ETHUSDT,S3,1780587787492,1780587796793,Long,1777.125354,1776.414646,1.0,-0.7107080000000678,0.9774189447,0.9770280553,-2.665155000000068,-14.997000599880407
ETHUSDT,S3,1780587902192,1780587908192,Long,1774.55484,1773.735182,1.0,-0.8196580000001177,0.9760051620000001,0.9755543501,-2.771217512100118,-15.616409533447374
ETHUSDT,S3,1780588094292,1780588113592,Long,1772.4144119999999,1772.2754740000003,1.0,-0.1389379999995981,0.9748279266,0.9747515107000002,-2.0885174372995983,-11.783460025823794
ETHUSDT,S3,1780588139492,1780588166992,Long,1773.924714,1770.8457600000002,1.0,-3.0789539999998397,0.9756585927000001,0.9739651680000001,-5.02857776069984,-28.347188136079154
ETHUSDT,S3,1780588194592,1780588195592,Long,1772.814492,1772.455438,1.0,-0.35905400000001464,0.9750479706,0.9748504909000001,-2.3089524615000148,-13.024219239629359
ETHUSDT,S3,1780588244492,1780588283792,Long,1772.8945079999999,1773.2352819999999,1.0,0.34077400000001035,0.9750919794,0.9752794051,-1.6095973844999896,-9.07892363159145
ETHUSDT,S3,1780588665192,1780588666192,Long,1778.8256939999999,1777.964336,1.0,-0.8613579999998819,0.9783541317,0.9778803848000001,-2.817592516499882,-15.839621195059499
ETHUSDT,S3,1780615801092,1780615923392,Long,1760.6820659999998,1763.6372020000001,1.0,2.955136000000266,0.9683751362999999,0.9700004611000002,1.016760402600266,5.774809786699253
ETHUSDT,S3,1780615926493,1780616041293,Long,1764.4128119999998,1763.227284,1.0,-1.1855279999997492,0.9704270465999999,0.9697750062000001,-3.1257300527997494,-17.7154123544176
ETHUSDT,S3,1780616113192,1780616121392,Long,1765.533036,1764.94694,1.0,-0.5860959999999977,0.9710431698,0.9707208170000001,-2.527859986799998,-14.317828866726446
ETHUSDT,S3,1780616179193,1780616250692,Long,1766.1331559999999,1766.206688,1.0,0.07353200000011384,0.9713732358,0.9714136784,-1.8692549141998862,-10.583884390877074
ETHUSDT,S3,1780616292092,1780616375292,Long,1766.6432579999998,1766.106708,1.0,-0.5365499999998065,0.9716537919,0.9713586894,-2.4795624812998067,-14.035445300410544
ETHUSDT,S3,1780616448592,1780616466392,Long,1768.543638,1768.356258,1.0,-0.1873800000000756,0.9726990009000002,0.9725959419000001,-2.132674942800076,-12.058933107310049
ETHUSDT,S3,1780616844292,1780616845292,Long,1768.123554,1767.416446,1.0,-0.707108000000062,0.9724679547,0.9720790453,-2.651655000000062,-14.997000599880375
ETHUSDT,S3,1780616996592,1780617010892,Long,1768.5236340000001,1768.836162,1.0,0.3125279999999293,0.9726879987000001,0.9728598891000001,-1.6330198878000708,-9.233803023070433
ETHUSDT,S3,1780617078592,1780617109793,Long,1770.624054,1769.705988,1.0,-0.9180659999999534,0.9738432297,0.9733382934,-2.8652475230999532,-16.182133732042665
ETHUSDT,S3,1780617532592,1780617606992,Long,1771.4342159999999,1767.6464,1.0,-3.7878159999997933,0.9742888188,0.9722055200000002,-5.734310338799793,-32.371003602652515
SOLUSDT,S2,1780522210936,1780522218653,Long,71.77435200000001,71.745648,1.0,-0.028704000000004726,0.0,0.0,-0.028704000000004726,-3.999200159968664
SOLUSDT,S2,1780522247311,1780522254143,Long,71.85436800000001,71.845628,1.0,-0.008740000000003079,0.0,0.0,-0.008740000000003079,-1.2163491577857979
SOLUSDT,S2,1780541574039,1780541576305,Long,70.294056,70.24594800000001,1.0,-0.04810799999998494,0.0,0.0,-0.04810799999998494,-6.84382190152535
SOLUSDT,S2,1780541614067,1780541617606,Long,70.26405,70.23595,1.0,-0.028099999999994907,0.0,0.0,-0.028099999999994907,-3.9992001599672813
SOLUSDT,S2,1780571492205,1780571493363,Long,67.56351,67.54648800000001,1.0,-0.017021999999982995,0.0,0.0,-0.017021999999982995,-2.5194072954443896
SOLUSDT,S2,1780607406798,1780607412298,Long,68.983794,68.93621,1.0,-0.047584000000000515,0.0,0.0,-0.047584000000000515,-6.897851979553417
SOLUSDT,S2,1780607422798,1780607430097,Long,68.96379,68.93621,1.0,-0.027580000000000382,0.0,0.0,-0.027580000000000382,-3.9992001599680616
SOLUSDT,S2,1780607699298,1780607706998,Long,68.83376399999999,68.78623999999999,1.0,-0.04752399999999568,0.0,0.0,-0.04752399999999568,-6.904169878026093
SOLUSDT,S2,1780609366197,1780609373297,Long,67.793556,67.746448,1.0,-0.04710799999999438,0.0,0.0,-0.04710799999999438,-6.9487430339241065
SOLUSDT,S2,1780631142297,1780631159698,Long,67.06340999999999,67.056586,1.0,-0.006823999999994612,0.0,0.0,-0.006823999999994612,-1.0175444404026894
SOLUSDT,S2,1780633504797,1780633509798,Long,67.323462,67.326532,1.0,0.003069999999993911,0.0,0.0,0.003069999999993911,0.4560074465561368
SOLUSDT,S3,1780500610952,1780500731038,Long,74.234844,73.955206,1.0,-0.2796379999999914,0.0408291642,0.0406753633,-0.3611425274999914,-48.64865446474049
SOLUSDT,S3,1780500746935,1780500750735,Long,73.924782,73.87522200000001,1.0,-0.049559999999985394,0.040658630099999996,0.04063137210000001,-0.13085000219998538,-17.700424493640764
SOLUSDT,S3,1780500763135,1780500780034,Long,73.874772,73.715254,1.0,-0.1595179999999914,0.0406311246,0.0405433897,-0.2406925142999914,-32.58115156010111
SOLUSDT,S3,1780500782034,1780500814233,Long,73.73474399999999,73.695258,1.0,-0.03948599999999658,0.0405541092,0.0405323919,-0.12057250109999657,-16.352196340438446
SOLUSDT,S3,1780500822921,1780501041228,Long,73.66473,73.465304,1.0,-0.19942600000000255,0.040515601500000005,0.0404059172,-0.2803475187000025,-38.0572247668596
SOLUSDT,S3,1780501088194,1780501689828,Long,73.41468,73.41531400000001,1.0,0.0006340000000051305,0.04037807400000001,0.040378422700000006,-0.08012249669999488,-10.913688747263475
SOLUSDT,S3,1780501706212,1780501803218,Long,73.48469399999999,73.545288,1.0,0.06059400000000892,0.040416581699999996,0.040449908400000005,-0.020272490099991082,-2.75873641114857
SOLUSDT,S3,1780501828064,1780501939177,Long,73.62472199999999,73.345328,1.0,-0.27939399999999637,0.0404935971,0.0403399304,-0.36022752749999637,-48.92752294534932
SOLUSDT,S3,1780502007905,1780502247417,Long,73.5147,73.305336,1.0,-0.20936400000000788,0.04043308500000001,0.0403179348,-0.29011501980000787,-39.46353855759567
SOLUSDT,S3,1780502265023,1780502443336,Long,73.31465999999999,73.23535,1.0,-0.07930999999999244,0.040323063,0.0402794425,-0.15991250549999242,-21.811804828664886
SOLUSDT,S3,1780529450062,1780529526476,Long,71.874372,71.825632,1.0,-0.04873999999999512,0.0395309046,0.0395040976,-0.12777500219999513,-17.77754693981815
SOLUSDT,S3,1780529610485,1780530192339,Long,71.784354,71.73565,1.0,-0.048703999999986536,0.0394813947,0.03945460750000001,-0.12764000219998656,-17.781033761199073
SOLUSDT,S3,1780530308705,1780530463328,Long,71.70433799999999,71.725652,1.0,0.02131400000000383,0.0394373859,0.0394491086,-0.057572494499996164,-8.029150830455498
SOLUSDT,S3,1780530626041,1780530931381,Long,71.77435200000001,71.645668,1.0,-0.1286840000000069,0.039475893600000006,0.0394051174,-0.2075650110000069,-28.919106228922395
SOLUSDT,S3,1780558693927,1780559120209,Long,69.723942,69.716054,1.0,-0.007887999999994122,0.038348168099999996,0.038343829700000005,-0.08457999779999412,-12.130696482994912
SOLUSDT,S3,1780559135144,1780559175577,Long,69.723942,69.646068,1.0,-0.07787399999999423,0.038348168099999996,0.0383053374,-0.15452750549999422,-22.16276089208987
SOLUSDT,S3,1780559203823,1780559299220,Long,69.753948,69.51609400000001,1.0,-0.23785399999998447,0.0383646714,0.03823385170000001,-0.31445252309998445,-45.08024737180245
SOLUSDT,S3,1780559305459,1780559467387,Long,69.573912,69.546088,1.0,-0.02782400000000962,0.038265651600000006,0.0382503484,-0.10434000000000962,-14.997000599881407
SOLUSDT,S3,1780559482153,1780559899106,Long,69.583914,69.326132,1.0,-0.25778199999999174,0.0382711527,0.0381293726,-0.3341825252999917,-48.02583040959606
SOLUSDT,S3,1780559929077,1780560030422,Long,69.21384,69.02619200000001,1.0,-0.18764799999999582,0.03806761200000001,0.03796440560000001,-0.2636800175999958,-38.09642950022651
SOLUSDT,S3,1780587785197,1780587791297,Long,69.703938,69.756046,1.0,0.05210800000000404,0.0383371659,0.0383658253,-0.02459499119999596,-3.5284937846690902
SOLUSDT,S3,1780588226597,1780588237497,Long,69.683934,69.556086,1.0,-0.12784800000000018,0.0383261637,0.0382558473,-0.2044300110000002,-29.336749414865153
SOLUSDT,S3,1780615807197,1780615923697,Long,68.293656,68.406316,1.0,0.11266000000000531,0.0375615108,0.0376234738,0.03747501540000531,5.487334782604889
SOLUSDT,S3,1780615944398,1780616008898,Long,68.433684,68.396318,1.0,-0.037366000000005783,0.0376385262,0.0376179749,-0.11262250110000577,-16.45717350245323
SOLUSDT,S3,1780616048197,1780617390298,Long,68.41368,68.78623999999999,1.0,0.3725599999999929,0.037627524,0.037832432,0.2971000439999929,43.426993548657656
SOLUSDT,S3,1780617434898,1780617663197,Long,68.703738,68.576282,1.0,-0.12745599999999513,0.037787055900000005,0.037716955100000005,-0.20296001099999514,-29.54133456319293
SOLUSDT,S3,1780644603898,1780644634497,Long,65.41308000000001,65.55688599999999,1.0,0.14380599999998367,0.035977194000000004,0.036056287299999996,0.07177251869998366,10.972196799169778
SOLUSDT,S3,1780644644698,1780644662097,Long,65.653128,65.43691,1.0,-0.2162179999999978,0.0361092204,0.0359903005,-0.2883175208999978,-43.91527558290868
SOLUSDT,S3,1780644669198,1780644671297,Long,65.44308600000001,65.366924,1.0,-0.07616200000001072,0.03599369730000001,0.0359518082,-0.14810750550001073,-22.631497771974065
SOLUSDT,S3,1780644675398,1780644784797,Long,65.38307400000001,65.51689400000001,1.0,0.13382000000000005,0.035960690700000006,0.036034291700000005,0.06182501760000004,9.45581383952673
SOLUSDT,S3,1780644785797,1780644840998,Long,65.56311,65.73685,1.0,0.17374000000000933,0.0360597105,0.036155267500000005,0.10152502200000932,15.485083303706814
SOLUSDT,S3,1780644843097,1780644844097,Long,65.783154,65.706856,1.0,-0.0762979999999942,0.0361807347,0.036138770800000004,-0.1486175054999942,-22.592031008424165
SOLUSDT,S3,1780644856297,1780644864297,Long,65.753148,65.69685799999999,1.0,-0.05629000000000417,0.036164231399999996,0.0361332719,-0.12858750330000418,-19.55609840915969
SOLUSDT,S3,1780644868397,1780644907797,Long,65.793156,65.83682999999999,1.0,0.04367399999999577,0.0361862358,0.036210256499999996,-0.028722492300004225,-4.365574483158131
SOLUSDT,S3,1780644919098,1780644941197,Long,65.843166,65.896818,1.0,0.05365199999999959,0.0362137413,0.0362432499,-0.018804991200000412,-2.856027791859282
SOLUSDT,S3,1780644942197,1780644954497,Long,65.933184,65.906816,1.0,-0.026367999999990843,0.0362632512,0.03624874880000001,-0.09887999999999085,-14.997000599878637
XRPUSDT,S2,1780497570759,1780497573118,Long,1.2328465199999998,1.2317536,1.0,-0.0010929199999998307,0.0,0.0,-0.0010929199999998307,-8.865012653804067
XRPUSDT,S2,1780497980048,1780497985006,Long,1.23094614,1.2302539,1.0,-0.0006922400000000106,0.0,0.0,-0.0006922400000000106,-5.623641664776744
XRPUSDT,S2,1780498792687,1780498798426,Long,1.2306460799999999,1.23015392,1.0,-0.0004921599999998527,0.0,0.0,-0.0004921599999998527,-3.9992001599668097
XRPUSDT,S2,1780498810890,1780498815091,Long,1.23054606,1.22985398,1.0,-0.0006920800000000948,0.0,0.0,-0.0006920800000000948,-5.624169809621712
XRPUSDT,S2,1780499400573,1780499404873,Long,1.22934582,1.2287542,1.0,-0.0005916200000000149,0.0,0.0,-0.0005916200000000149,-4.812478233342143
XRPUSDT,S2,1780518908875,1780518914896,Short,1.19976,1.19963988,1.0,0.0001201199999998348,0.0,0.0,0.0001201199999998348,1.0012002400466327
XRPUSDT,S2,1780518934176,1780518941006,Long,1.2008401199999998,1.19966002,1.0,-0.0011800999999997952,0.0,0.0,-0.0011800999999997952,-9.827286583327973
XRPUSDT,S2,1780518961995,1780518966295,Long,1.2001399799999999,1.19966002,1.0,-0.00047995999999983496,0.0,0.0,-0.00047995999999983496,-3.9992001599666316
XRPUSDT,S2,1780518980579,1780518998327,Long,1.2001399799999999,1.19976,1.0,-0.00037997999999994647,0.0,0.0,-0.00037997999999994647,-3.166130670856799
XRPUSDT,S2,1780519019559,1780519031294,Long,1.20003996,1.19946006,1.0,-0.0005798999999999666,0.0,0.0,-0.0005798999999999666,-4.832339083108254
XRPUSDT,S2,1780519057204,1780519059392,Long,1.1987397,1.19816032,1.0,-0.0005793800000000182,0.0,0.0,-0.0005793800000000182,-4.833242779896405
XRPUSDT,S2,1780519072893,1780519073896,Long,1.19843964,1.19786038,1.0,-0.0005792599999998593,0.0,0.0,-0.0005792599999998593,-4.833451603785897
XRPUSDT,S2,1780519079764,1780519090092,Long,1.19883972,1.19816032,1.0,-0.0006794000000001077,0.0,0.0,-0.0006794000000001077,-5.667146230357696
XRPUSDT,S2,1780541533410,1780541534410,Long,1.18593714,1.18536288,1.0,-0.0005742600000000486,0.0,0.0,-0.0005742600000000486,-4.842246529188289
XRPUSDT,S2,1780545013064,1780545015402,Long,1.2093418200000001,1.2087582000000001,1.0,-0.0005836200000000069,0.0,0.0,-0.0005836200000000069,-4.825930852205267
XRPUSDT,S2,1780545026919,1780545028980,Long,1.20964188,1.20885818,1.0,-0.0007836999999999428,0.0,0.0,-0.0007836999999999428,-6.478777007951666
XRPUSDT,S2,1780545030217,1780545036448,Long,1.20944184,1.20905814,1.0,-0.00038369999999998683,0.0,0.0,-0.00038369999999998683,-3.1725378377846334
XRPUSDT,S2,1780545056868,1780545064836,Long,1.20944184,1.20885818,1.0,-0.0005836599999999859,0.0,0.0,-0.0005836599999999859,-4.8258624821511535
XRPUSDT,S2,1780609424003,1780609434403,Long,1.16153226,1.16066782,1.0,-0.0008644399999999663,0.0,0.0,-0.0008644399999999663,-7.442238410149421
XRPUSDT,S2,1780623898504,1780623900604,Long,1.15783152,1.15756844,1.0,-0.00026308000000008214,0.0,0.0,-0.00026308000000008214,-2.272178598144246
XRPUSDT,S2,1780633980204,1780633981303,Long,1.1397279,1.13917212,1.0,-0.0005557800000000057,0.0,0.0,-0.0005557800000000057,-4.876427084043531
XRPUSDT,S2,1780637220403,1780637225803,Long,1.1402279999999998,1.1410717400000001,1.0,0.0008437400000003148,0.0,0.0,0.0008437400000003148,7.39974812055409
XRPUSDT,S2,1780644739903,1780644746903,Long,1.12502496,1.1253748799999999,1.0,0.00034991999999989254,0.0,0.0,0.00034991999999989254,3.1103309921220994
XRPUSDT,S3,1780500681743,1780500693442,Long,1.22894574,1.22835428,1.0,-0.0005914599999998771,0.000675920157,0.000675594854,-0.0019429750109998772,-15.810095985196853
XRPUSDT,S3,1780500777999,1780500795639,Long,1.2229445399999999,1.2223554799999998,1.0,-0.0005890600000000301,0.0006726194969999999,0.000672295514,-0.00193397501100003,-15.814085984635332
XRPUSDT,S3,1780500911737,1780500927152,Long,1.22284452,1.22315532,1.0,0.0003108000000000555,0.0006725644860000001,0.0006727354260000001,-0.0010344999119999447,-8.459782867571297
XRPUSDT,S3,1780500957475,1780500969135,Long,1.2242448,1.22405514,1.0,-0.0001896599999999804,0.00067333464,0.000673230327,-0.0015362249669999804,-12.548347903948464
XRPUSDT,S3,1780501408125,1780501409125,Long,1.2248449199999998,1.22415512,1.0,-0.0006897999999997406,0.0006736647059999999,0.0006732853160000001,-0.0020367500219997405,-16.628635909268752
XRPUSDT,S3,1780501503230,1780501580808,Long,1.22434482,1.2232553000000002,1.0,-0.001089519999999844,0.000673389651,0.0006727904150000001,-0.002435700065999844,-19.893905917777673
XRPUSDT,S3,1780501620220,1780501689827,Long,1.2210441600000002,1.22205554,1.0,0.0010113799999997841,0.0006715742880000001,0.000672130547,-0.00033232483500021605,-2.7216446864642143
XRPUSDT,S3,1780501705717,1780501807615,Long,1.22334462,1.2248549800000001,1.0,0.001510360000000155,0.0006728395410000001,0.0006736702390000001,0.0001638502200001547,1.3393627381968192
XRPUSDT,S3,1780501818863,1780501846645,Long,1.22554506,1.22535488,1.0,-0.00019017999999992874,0.000674049783,0.000673945184,-0.0015381749669999287,-12.550945837927237
XRPUSDT,S3,1780501880246,1780501901092,Long,1.22654526,1.2252549000000001,1.0,-0.0012903599999998239,0.000674599893,0.0006738901950000001,-0.002638850087999824,-21.514494198117273
XRPUSDT,S3,1780501940489,1780501993611,Long,1.2246448799999998,1.22515492,1.0,0.0005100400000002114,0.0006735546839999999,0.0006738352060000001,-0.0008373498899997885,-6.837491453030765
XRPUSDT,S3,1780502028936,1780502090485,Long,1.2250449600000002,1.22415512,1.0,-0.0008898400000001416,0.0006737747280000002,0.0006732853160000001,-0.002236900044000142,-18.259738352787817
XRPUSDT,S3,1780502106537,1780502216079,Long,1.2250449600000002,1.22495496,1.0,-9.000000000014552e-05,0.0006737747280000002,0.0006737252280000001,-0.0014374999560001459,-11.734262846974577
XRPUSDT,S3,1780502266277,1780502270866,Long,1.22534502,1.2246550200000001,1.0,-0.0006899999999998574,0.000673939761,0.0006735602610000002,-0.002037500021999858,-16.62796999003479
XRPUSDT,S3,1780529628671,1780529787489,Long,1.20404076,1.2022595,1.0,-0.0017812600000000067,0.000662222418,0.0006612427250000001,-0.003104725143000007,-25.785880728821894
XRPUSDT,S3,1780529910353,1780529919714,Long,1.2017403,1.2009597600000002,1.0,-0.0007805399999998297,0.000660957165,0.0006605278680000002,-0.00210202503299983,-17.491508215209475
XRPUSDT,S3,1780530151462,1780530215975,Long,1.2029405400000002,1.20245946,1.0,-0.0004810800000001336,0.0006616172970000001,0.000661352703,-0.0018040500000001338,-14.997000599881133
XRPUSDT,S3,1780530243365,1780530633755,Long,1.2027404999999998,1.20185958,1.0,-0.0008809199999997297,0.000661507275,0.0006610227690000001,-0.0022034500439997297,-18.320244840842477
XRPUSDT,S3,1780530644700,1780532643375,Long,1.2028405199999999,1.2029593600000001,1.0,0.0001188400000002865,0.0006615622859999999,0.0006616276480000001,-0.0012043499339997135,-10.012548745861286
XRPUSDT,S3,1780558559266,1780558685880,Long,1.17783552,1.17366522,1.0,-0.00417029999999996,0.000647809536,0.000645515871,-0.0054636254069999595,-46.38699813535899
XRPUSDT,S3,1780558742946,1780559243093,Long,1.1765352599999999,1.1724654600000002,1.0,-0.004069799999999679,0.0006470943929999999,0.0006448560030000002,-0.005361750395999679,-45.57237320706972
XRPUSDT,S3,1780559248480,1780559283200,Long,1.17293454,1.17216552,1.0,-0.0007690199999998981,0.000645113997,0.000644691036,-0.002058825032999898,-17.552770105993282
XRPUSDT,S3,1780559304234,1780559546520,Long,1.1711341800000001,1.17186558,1.0,0.0007313999999998266,0.0006441237990000001,0.000644526069,-0.0005572498680001735,-4.758206852097626
XRPUSDT,S3,1780559589131,1780559834938,Long,1.17153426,1.16966602,1.0,-0.0018682400000000765,0.000644343843,0.0006433163110000001,-0.0031559001540000767,-26.938180655511314
XRPUSDT,S3,1780559839375,1780559884889,Long,1.170234,1.16836628,1.0,-0.0018677199999999061,0.0006436287000000001,0.000642601454,-0.003153950153999906,-26.951448633349454
XRPUSDT,S3,1780559907506,1780560103922,Long,1.1683336199999999,1.16516692,1.0,-0.0031666999999997447,0.000642583491,0.0006408418060000001,-0.004450125296999744,-38.08950817489738
XRPUSDT,S3,1780587784803,1780587810903,Long,1.17103416,1.17136568,1.0,0.00033152000000002957,0.000644068788,0.000644251124,-0.0009567999119999705,-8.17055509294426
XRPUSDT,S3,1780588506104,1780588555403,Long,1.16703336,1.1657667999999999,1.0,-0.0012665600000001387,0.0006418683480000001,0.0006411717399999999,-0.002549600088000139,-21.84684838829405
XRPUSDT,S3,1780588650603,1780588807903,Long,1.1697339,1.16786638,1.0,-0.0018675200000000114,0.0006433536450000001,0.0006423265090000001,-0.0031532001540000116,-26.956559555981165
XRPUSDT,S3,1780615806803,1780615960903,Long,1.16243244,1.16346726,1.0,0.0010348200000001029,0.000639337842,0.000639906993,-0.00024442483499989716,-2.102701426672996
XRPUSDT,S3,1780615962104,1780616009004,Long,1.16393274,1.16386718,1.0,-6.555999999990902e-05,0.000640163007,0.0006401269490000001,-0.001345849955999909,-11.562952993313937
XRPUSDT,S3,1780616033903,1780616466003,Long,1.1641327799999999,1.16506694,1.0,0.0009341600000001282,0.000640273029,0.0006407868170000001,-0.00034689984599987184,-2.979899303238174
XRPUSDT,S3,1780616685703,1780616941803,Long,1.1667333,1.1642671000000002,1.0,-0.002466199999999752,0.000641703315,0.0006403469050000001,-0.003748250219999752,-32.12602417364579
XRPUSDT,S3,1780616952403,1780617077403,Long,1.16483292,1.16716652,1.0,0.0023336000000000467,0.000640658106,0.0006419415860000001,0.0010510003080000465,9.022755881590696
XRPUSDT,S3,1780617172704,1780617239204,Long,1.1678335199999998,1.16686658,1.0,-0.0009669399999998607,0.000642308436,0.0006417766190000001,-0.002251025054999861,-19.27522216522661
XRPUSDT,S3,1780617241304,1780617632903,Long,1.16733342,1.16706654,1.0,-0.0002668800000000804,0.0006420333810000001,0.000641886597,-0.0015507999780000805,-13.284978836638468
XRPUSDT,S3,1780644619403,1780644633804,Long,1.12262448,1.1240751400000002,1.0,0.001450660000000159,0.0006174434640000001,0.0006182413270000002,0.00021497520900015882,1.9149342708094057
XRPUSDT,S3,1780644645103,1780644653303,Long,1.1267253,1.12547486,1.0,-0.0012504399999999638,0.000619698915,0.000619011173,-0.002489150087999964,-22.091898424575753
XRPUSDT,S3,1780644691103,1780644695103,Long,1.12332462,1.12247546,1.0,-0.0008491600000000155,0.0006178285410000001,0.000617361503,-0.0020843500440000154,-18.555188828675504
XRPUSDT,S3,1780644728903,1780644746903,Long,1.12352466,1.1253748799999999,1.0,0.0018502199999999025,0.000617938563,0.000618956184,0.0006133252529999025,5.4589389519932965
XRPUSDT,S3,1780644750903,1780644754903,Long,1.1257251,1.12507494,1.0,-0.0006501599999999552,0.000619148805,0.000618791217,-0.0018881000219999552,-16.77230099959533
XRPUSDT,S3,1780644760004,1780644762104,Long,1.12602516,1.12517492,1.0,-0.0008502399999998911,0.000619313838,0.0006188462060000001,-0.002088400043999891,-18.54665524525128
XRPUSDT,S3,1780644781603,1780644784703,Long,1.1261251799999998,1.12457504,1.0,-0.0015501399999997556,0.000619368849,0.000618516272,-0.0027880251209997558,-24.75768387489352
XRPUSDT,S3,1780644785704,1780644841204,Long,1.1254250399999999,1.12747446,1.0,0.0020494200000000795,0.000618983772,0.000620110953,0.0008103252750000795,7.200171012723154
XRPUSDT,S3,1780644859903,1780644898704,Long,1.1277255,1.12887418,1.0,0.001148680000000013,0.000620249025,0.000620880799,-9.244982399998704e-05,-0.819790135099251
XRPUSDT,S3,1780644902804,1780644959903,Long,1.1296258799999999,1.13167362,1.0,0.0020477400000000756,0.0006212942339999999,0.000622420491,0.0008040252750000755,7.117624420928419
